date,total,manufacturas,mineria,utilities
2019-03-01,99.6481696213133,99.53042149057721,99.15125992935786,101.10926138207401
2019-04-01,99.28450840618001,99.04306567920032,99.47696900633287,100.72869083347256
2019-05-01,99.14102324807715,98.74927759058743,100.3093026605646,100.46387235973583
2019-06-01,98.9997624161727,98.65847456871045,101.2821753462171,98.50315958041233
2019-07-01,98.8923500264179,98.54579687416874,100.94036573517154,98.7546011209742
2019-08-01,98.97197445699845,98.65044504385013,101.34018176084787,98.38571138722637
2019-09-01,98.92497347732784,98.36343083423458,101.6458972557905,99.81441905387318
2019-10-01,98.75969636980294,98.0419524500129,102.33710792140715,99.96326143711785
2019-11-01,98.53345982979714,97.7746650977702,101.6241239946899,100.80863241019694
2019-12-01,98.34281250896579,97.79240935641211,100.84718285145743,100.0093446518829
2020-01-01,98.21570354954106,97.96357371351645,100.41235720161039,98.21296333632233
2020-02-01,98.03398577011491,97.93859296950664,100.19454116814798,97.01774395781848
2020-03-01,96.65022921842656,96.42094668428535,99.69244921101823,96.07751836768132
2020-04-01,91.34024679705085,90.22592042972167,94.75172642773363,96.67403998102907
2020-05-01,86.37158561898968,85.1337808058669,86.50424870570059,95.59828493635716
2020-06-01,84.49722007580117,83.68400548386808,79.12631105341985,95.85708699038844
2020-07-01,87.87036240076361,88.12073101058674,77.37608011225326,97.05182633540517
2020-08-01,91.09225054423457,91.82287066418048,79.41531424961222,98.16633608360519
2020-09-01,92.50211875129548,93.35049602968083,81.14207567306629,98.26019863145653
2020-10-01,93.05458980040056,94.10553571304659,81.17230240974108,97.53982837842767
2020-11-01,93.41779970297186,94.5913054454387,82.21046707120996,96.40749338673866
2020-12-01,94.19022115282637,95.3367625682716,83.01732906877736,97.68998285320383
2021-01-01,94.88098726557132,96.07333104012747,84.88916214377916,97.31194048096796
2021-02-01,94.40817288365838,95.29555755798026,83.32271087389474,100.32511067972102
2021-03-01,94.41545835787345,95.23697176548103,84.52101884402059,99.42485587794603
2021-04-01,94.31117291944103,94.93763240042148,85.14916213265617,99.88796018410244
2021-05-01,95.54209569567091,96.33024279234492,88.48411386164219,97.91854279754556
2021-06-01,95.99763125378176,96.75729455898909,89.01014806373696,98.91675643292876
2021-07-01,96.54346156090317,97.40322522552886,89.53835124969622,98.99794609671972
2021-08-01,96.74023383793302,97.50671687928384,89.73781434276731,99.81281894224941
2021-09-01,96.43695179627235,97.2076088174096,89.3472860172284,99.34449827219947
2021-10-01,96.41574010585857,97.07034689860427,89.88430417607255,99.15536507826785
2021-11-01,96.6806283431381,97.31694913742086,90.65387633566304,98.83956704819728
2021-12-01,97.2333895217473,97.92217044335204,92.031486971915,97.9848194210028
2022-01-01,97.23322833868944,97.76362863150132,91.86066558884853,99.42287173953252
2022-02-01,97.2142087378625,97.60095640562781,91.69899286849228,100.6523655090179
2022-03-01,97.47793645712545,97.62521019676961,92.10114472294568,102.22703535798655
2022-04-01,97.88231251267301,97.94470598226036,93.15343558701879,102.23260374643735
2022-05-01,98.05223169226413,97.93069561789507,94.20786762747092,102.31968182100383
2022-06-01,97.93208584093874,97.58965559286146,94.97221197979843,102.46266779570543
2022-07-01,97.86213239382953,97.29259621634249,96.05005792299217,102.29779229399043
2022-08-01,97.78566715118292,97.13464918411104,96.87463328878574,101.53802729278392
2022-09-01,97.87393099366454,97.15292213574787,97.73396801138104,101.00410204615874
2022-10-01,97.88356974052427,97.22482438305657,98.10052628446948,100.01417698898673
2022-11-01,97.83808388159751,97.04427572529244,98.42884926507598,100.27182696264892
2022-12-01,97.34634660869233,96.30440292221836,97.59707176055309,101.99837940694742
2023-01-01,97.10524899075227,96.0381399126533,98.24073162606497,100.80728831643296
2023-02-01,97.0041549768654,96.04692943369379,98.74602144402047,99.26670084505095
2023-03-01,97.40843432257823,96.41063717088447,100.03459251188907,98.92350890398114
2023-04-01,97.64956417712985,96.52318269217743,100.05884063919397,100.73211507234744
2023-05-01,97.74208325233883,96.56068685150433,100.1600876936861,101.55623656306265
2023-06-01,97.45166361869504,96.58266065410557,100.10678074409496,99.17021411413661
2023-07-01,97.34002823282442,96.42857968939948,100.12657967372922,99.3989340696407
2023-08-01,97.31124093869145,96.31947067257347,99.89588877450744,100.29112430883178
2023-09-01,97.60185399200468,96.4456961251099,100.03400855469482,101.92605436155226
2023-10-01,97.4607221065465,96.27337525207918,99.7066032211079,102.0795370685059
2023-11-01,97.468652312993,96.26772484569601,99.89705668889599,101.9960432439767
2023-12-01,97.3339032766259,96.24816320488407,99.90812406810164,101.09630047792133
2024-01-01,96.9320416767809,95.9044136282515,98.679589361301,101.34607790239447
2024-02-01,96.74542393239595,95.80759672355732,98.7446866847193,100.17761239024033
2024-03-01,96.69848742594847,95.75641263298694,98.392059961837,100.33954368656758
2024-04-01,97.02765546670071,96.02680605657476,99.59859894765354,100.08685405893914
2024-05-01,97.2139830815815,96.07613972166295,99.17589736145895,101.92173406016803
2024-06-01,97.35469589108925,96.02221303618143,99.3286438789885,103.37223524713083
2024-07-01,97.26839848191348,95.89079978363237,99.13479789797657,103.7645506150509
2024-08-01,97.12910408331487,95.73212579853293,99.40500323401056,103.37450740563662
2024-09-01,96.77914342809929,95.45456197620153,99.09753586748509,102.51131118906854
2024-10-01,96.61596170032652,95.21618752211835,99.24658398945094,102.48734151694423
2024-11-01,96.24898011420142,94.91886379910193,98.8397604774434,101.84905699021563
2024-12-01,96.41625589164373,94.94067238514226,99.26340751814301,103.05550915231845
2025-01-01,96.60812820371473,95.04720402361802,98.74399149758325,104.83134503462959
2025-02-01,97.1905793015809,95.45390110995788,99.04328346338895,106.88774448905555
2025-03-01,97.42045857869425,95.86277905490176,99.17089201407948,105.92514933841784
2025-04-01,97.7631982329179,96.37960950074527,99.96635294261591,104.7071123681588
2025-05-01,97.7200656466358,96.47636031881508,100.32921282014063,103.53679072652108
2025-06-01,97.86129424192866,96.53901043871275,100.6247229679263,104.28493891733888
2025-07-01,98.10825892317469,96.78283703930602,100.97615396893458,104.6373475013617
2025-08-01,98.3085127542542,97.04338355586351,101.48060956232688,104.243240008423
2025-09-01,98.40502916929798,97.24577384298016,101.50502453454442,103.7115229158386
2025-10-01,98.28327148739403,97.0990615368907,101.32650047801069,103.73424450089637
2025-11-01,98.40128972235573,97.07966511263969,101.44037213089318,104.74647511410394
2025-12-01,98.57765622426109,97.07530339543162,101.56075073536897,106.2941030766306
