fecha,cetes_28
2006-09-19,7.05
2006-09-26,7.05
2006-10-03,7.05
2006-10-10,7.06
2006-10-17,7.05
2006-10-24,7.04
2006-10-30,7.04
2006-11-07,7.04
2006-11-14,7.04
2006-11-21,7.04
2006-11-28,7.05
2006-12-05,7.04
2006-12-11,7.03
2006-12-19,7.05
2006-12-26,7.02
2007-01-02,7.01
2007-01-09,7.02
2007-01-16,7.05
2007-01-23,7.06
2007-01-30,7.05
2007-02-06,7.05
2007-02-13,7.03
2007-02-20,7.03
2007-02-27,7.05
2007-03-06,7.05
2007-03-13,7.05
2007-03-20,7.04
2007-03-27,7.03
2007-04-02,7.02
2007-04-10,7.0
2007-04-17,7.0
2007-04-24,7.0
2007-04-30,7.25
2007-05-08,7.24
2007-05-15,7.23
2007-05-22,7.24
2007-05-29,7.22
2007-06-05,7.21
2007-06-12,7.2
2007-06-19,7.18
2007-06-26,7.19
2007-07-03,7.18
2007-07-10,7.18
2007-07-17,7.19
2007-07-24,7.19
2007-07-31,7.19
2007-08-07,7.19
2007-08-14,7.21
2007-08-21,7.2
2007-08-28,7.23
2007-09-04,7.21
2007-09-11,7.2
2007-09-18,7.22
2007-09-25,7.19
2007-10-02,7.19
2007-10-09,7.21
2007-10-16,7.2
2007-10-23,7.2
2007-10-30,7.45
2007-11-06,7.43
2007-11-13,7.41
2007-11-20,7.46
2007-11-27,7.44
2007-12-04,7.44
2007-12-10,7.43
2007-12-18,7.44
2007-12-24,7.44
2007-12-31,7.43
2008-01-08,7.42
2008-01-15,7.41
2008-01-22,7.39
2008-01-29,7.43
2008-02-05,7.42
2008-02-12,7.44
2008-02-19,7.43
2008-02-26,7.42
2008-03-04,7.42
2008-03-11,7.45
2008-03-14,7.43
2008-03-25,7.43
2008-04-01,7.44
2008-04-08,7.46
2008-04-15,7.44
2008-04-22,7.44
2008-04-28,7.43
2008-05-06,7.43
2008-05-13,7.44
2008-05-20,7.44
2008-05-27,7.44
2008-06-03,7.45
2008-06-10,7.47
2008-06-17,7.56
2008-06-24,7.74
2008-07-01,7.75
2008-07-08,7.76
2008-07-15,8.02
2008-07-22,8.01
2008-07-29,8.09
2008-08-05,8.11
2008-08-12,8.18
2008-08-19,8.21
2008-08-26,8.21
2008-09-02,8.18
2008-09-09,8.17
2008-09-15,8.16
2008-09-23,8.15
2008-09-30,8.12
2008-10-07,7.99
2008-10-14,7.8
2008-10-21,7.58
2008-10-28,7.22
2008-11-04,7.1
2008-11-11,7.08
2008-11-18,7.72
2008-11-25,7.82
2008-12-02,8.03
2008-12-09,8.04
2008-12-16,8.03
2008-12-22,8.01
2008-12-29,7.97
2009-01-06,7.91
2009-01-13,7.7
2009-01-20,7.44
2009-01-27,7.31
2009-02-03,7.16
2009-02-10,7.07
2009-02-17,7.0
2009-02-24,7.24
2009-03-03,7.25
2009-03-10,7.18
2009-03-17,7.18
2009-03-24,6.52
2009-03-31,6.35
2009-04-06,6.24
2009-04-14,6.06
2009-04-21,5.84
2009-04-28,5.74
2009-05-05,5.54
2009-05-12,5.36
2009-05-19,5.18
2009-05-26,5.09
2009-06-02,5.08
2009-06-09,5.1
2009-06-16,5.01
2009-06-23,4.72
2009-06-30,4.72
2009-07-07,4.65
2009-07-14,4.55
2009-07-21,4.52
2009-07-28,4.51
2009-08-04,4.5
2009-08-11,4.49
2009-08-18,4.48
2009-08-25,4.47
2009-09-01,4.47
2009-09-08,4.47
2009-09-14,4.49
2009-09-22,4.5
2009-09-29,4.51
2009-10-06,4.51
2009-10-13,4.51
2009-10-20,4.51
2009-10-27,4.52
2009-11-03,4.52
2009-11-10,4.52
2009-11-17,4.5
2009-11-24,4.49
2009-12-01,4.51
2009-12-08,4.48
2009-12-15,4.51
2009-12-22,4.5
2009-12-29,4.51
2010-01-05,4.5
2010-01-12,4.5
2010-01-19,4.49
2010-01-26,4.48
2010-02-02,4.47
2010-02-09,4.49
2010-02-16,4.49
2010-02-23,4.49
2010-03-02,4.49
2010-03-09,4.41
2010-03-16,4.43
2010-03-23,4.46
2010-03-29,4.45
2010-04-06,4.43
2010-04-13,4.41
2010-04-20,4.46
2010-04-27,4.45
2010-05-04,4.49
2010-05-11,4.49
2010-05-18,4.53
2010-05-25,4.55
2010-06-01,4.58
2010-06-08,4.59
2010-06-15,4.6
2010-06-22,4.59
2010-06-29,4.6
2010-07-06,4.59
2010-07-13,4.59
2010-07-20,4.59
2010-07-27,4.6
2010-08-03,4.56
2010-08-10,4.54
2010-08-17,4.5
2010-08-24,4.47
2010-08-31,4.48
2010-09-07,4.48
2010-09-13,4.45
2010-09-21,4.36
2010-09-28,4.36
2010-10-05,4.18
2010-10-12,4.05
2010-10-19,4.03
2010-10-26,3.84
2010-11-01,3.85
2010-11-09,3.92
2010-11-16,3.94
2010-11-23,4.17
2010-11-30,4.35
2010-12-07,4.16
2010-12-14,4.18
2010-12-21,4.38
2010-12-28,4.45
2011-01-04,4.16
2011-01-11,4.2
2011-01-18,4.13
2011-01-25,4.05
2011-02-01,4.04
2011-02-08,4.05
2011-02-15,3.94
2011-02-22,4.14
2011-03-01,4.22
2011-03-08,4.28
2011-03-15,4.24
2011-03-22,4.3
2011-03-29,4.3
2011-04-05,4.26
2011-04-12,4.28
2011-04-18,4.33
2011-04-26,4.24
2011-05-03,4.24
2011-05-10,4.27
2011-05-17,4.34
2011-05-24,4.39
2011-05-31,4.43
2011-06-07,4.37
2011-06-14,4.38
2011-06-21,4.35
2011-06-28,4.33
2011-07-05,4.18
2011-07-12,4.15
2011-07-19,4.15
2011-07-26,4.08
2011-08-02,3.96
2011-08-09,3.99
2011-08-16,4.09
2011-08-23,4.17
2011-08-30,4.11
2011-09-06,4.17
2011-09-13,4.25
2011-09-20,4.27
2011-09-27,4.34
2011-10-04,4.35
2011-10-11,4.37
2011-10-18,4.35
2011-10-25,4.37
2011-10-31,4.38
2011-11-08,4.35
2011-11-15,4.35
2011-11-22,4.32
2011-11-29,4.39
2011-12-06,4.33
2011-12-13,4.33
2011-12-20,4.33
2011-12-27,4.31
2012-01-03,4.32
2012-01-10,4.26
2012-01-17,4.27
2012-01-24,4.24
2012-01-31,4.24
2012-02-07,4.34
2012-02-14,4.36
2012-02-21,4.35
2012-02-28,4.27
2012-03-06,4.27
2012-03-13,4.18
2012-03-20,4.21
2012-03-27,4.28
2012-04-02,4.25
2012-04-10,4.26
2012-04-17,4.33
2012-04-24,4.33
2012-04-30,4.33
2012-05-08,4.34
2012-05-15,4.42
2012-05-22,4.42
2012-05-29,4.44
2012-06-05,4.35
2012-06-12,4.35
2012-06-19,4.37
2012-06-26,4.27
2012-07-03,4.17
2012-07-10,4.16
2012-07-17,4.15
2012-07-24,4.13
2012-07-31,4.09
2012-08-07,4.09
2012-08-14,4.09
2012-08-21,4.23
2012-08-28,4.15
2012-09-04,4.17
2012-09-11,4.23
2012-09-18,4.15
2012-09-25,4.12
2012-10-02,4.2
2012-10-09,4.17
2012-10-16,4.23
2012-10-23,4.22
2012-10-30,4.33
2012-11-06,4.26
2012-11-13,4.31
2012-11-20,4.28
2012-11-27,4.25
2012-12-04,4.23
2012-12-10,4.14
2012-12-18,3.93
2012-12-24,3.91
2012-12-31,4.04
2013-01-08,4.12
2013-01-15,4.12
2013-01-22,4.26
2013-01-29,4.23
2013-02-05,4.22
2013-02-12,4.2
2013-02-19,4.19
2013-02-26,4.13
2013-03-05,4.07
2013-03-12,3.96
2013-03-19,3.95
2013-03-25,3.95
2013-04-02,3.88
2013-04-09,3.81
2013-04-16,3.81
2013-04-23,3.76
2013-04-29,3.76
2013-05-07,3.71
2013-05-14,3.72
2013-05-21,3.72
2013-05-28,3.71
2013-06-04,3.71
2013-06-11,3.77
2013-06-18,3.81
2013-06-25,3.82
2013-07-02,3.8
2013-07-09,3.83
2013-07-16,3.85
2013-07-23,3.9
2013-07-30,3.88
2013-08-06,3.84
2013-08-13,3.84
2013-08-20,3.83
2013-08-27,3.83
2013-09-03,3.83
2013-09-10,3.65
2013-09-17,3.56
2013-09-24,3.5
2013-10-01,3.44
2013-10-08,3.4
2013-10-15,3.38
2013-10-22,3.35
2013-10-29,3.38
2013-11-05,3.36
2013-11-12,3.39
2013-11-19,3.4
2013-11-26,3.4
2013-12-03,3.38
2013-12-09,3.34
2013-12-17,3.27
2013-12-23,3.18
2013-12-30,3.16
2014-01-07,3.17
2014-01-14,3.05
2014-01-21,3.13
2014-01-28,3.18
2014-02-04,3.18
2014-02-11,3.16
2014-02-18,3.14
2014-02-25,3.15
2014-03-04,3.16
2014-03-11,3.14
2014-03-18,3.19
2014-03-25,3.19
2014-04-01,3.22
2014-04-08,3.2
2014-04-14,3.22
2014-04-22,3.25
2014-04-28,3.25
2014-05-06,3.25
2014-05-13,3.26
2014-05-20,3.28
2014-05-27,3.31
2014-06-03,3.29
2014-06-10,2.92
2014-06-17,2.95
2014-06-24,2.9
2014-07-01,2.85
2014-07-08,2.85
2014-07-15,2.84
2014-07-22,2.82
2014-07-29,2.8
2014-08-05,2.78
2014-08-12,2.77
2014-08-19,2.76
2014-08-26,2.76
2014-09-02,2.76
2014-09-09,2.84
2014-09-15,2.86
2014-09-23,2.86
2014-09-30,2.85
2014-10-07,2.86
2014-10-14,2.96
2014-10-21,2.93
2014-10-28,2.9
2014-11-04,2.91
2014-11-11,2.9
2014-11-18,2.83
2014-11-25,2.76
2014-12-02,2.84
2014-12-09,2.85
2014-12-16,2.84
2014-12-22,2.78
2014-12-29,2.74
2015-01-06,2.43
2015-01-13,2.79
2015-01-20,2.72
2015-01-27,2.75
2015-02-03,2.74
2015-02-10,2.78
2015-02-17,2.83
2015-02-24,2.9
2015-03-03,3.01
2015-03-10,3.05
2015-03-17,3.04
2015-03-24,3.05
2015-03-30,3.02
2015-04-07,3.02
2015-04-14,3.0
2015-04-21,2.96
2015-04-28,2.85
2015-05-05,2.98
2015-05-12,2.97
2015-05-19,2.99
2015-05-26,2.99
2015-06-02,2.97
2015-06-09,2.96
2015-06-16,2.94
2015-06-23,2.98
2015-06-30,3.0
2015-07-07,2.96
2015-07-14,2.96
2015-07-21,3.01
2015-07-28,3.01
2015-08-04,3.02
2015-08-11,3.01
2015-08-18,3.02
2015-08-25,3.12
2015-09-01,3.09
2015-09-08,3.11
2015-09-14,3.18
2015-09-22,3.02
2015-09-29,3.02
2015-10-06,2.98
2015-10-13,3.0
2015-10-20,3.04
2015-10-27,3.05
2015-11-03,3.03
2015-11-10,3.0
2015-11-17,3.0
2015-11-24,3.03
2015-12-01,3.11
2015-12-08,3.2
2015-12-15,3.2
2015-12-22,3.15
2015-12-29,3.05
2016-01-05,3.05
2016-01-12,3.05
2016-01-19,3.09
2016-01-26,3.14
2016-02-02,3.16
2016-02-09,3.2
2016-02-16,3.23
2016-02-23,3.85
2016-03-01,3.88
2016-03-08,3.78
2016-03-15,3.8
2016-03-18,3.78
2016-03-29,3.76
2016-04-05,3.73
2016-04-12,3.74
2016-04-19,3.74
2016-04-26,3.76
2016-05-03,3.77
2016-05-10,3.77
2016-05-17,3.81
2016-05-24,3.9
2016-05-31,3.8
2016-06-07,3.78
2016-06-14,3.83
2016-06-21,3.76
2016-06-28,3.86
2016-07-05,4.23
2016-07-12,4.19
2016-07-19,4.21
2016-07-26,4.21
2016-08-02,4.22
2016-08-09,4.22
2016-08-16,4.27
2016-08-23,4.23
2016-08-30,4.29
2016-09-06,4.23
2016-09-13,4.22
2016-09-20,4.27
2016-09-27,4.41
2016-10-04,4.7
2016-10-11,4.7
2016-10-18,4.67
2016-10-25,4.68
2016-10-31,4.75
2016-11-08,4.81
2016-11-15,5.56
2016-11-22,5.48
2016-11-29,5.62
2016-12-06,5.59
2016-12-13,5.51
2016-12-20,5.65
2016-12-27,5.69
2017-01-03,5.82
2017-01-10,5.87
2017-01-17,5.86
2017-01-24,5.77
2017-01-31,5.88
2017-02-07,5.9
2017-02-14,6.21
2017-02-21,6.24
2017-02-28,6.25
2017-03-07,6.29
2017-03-14,6.3
2017-03-21,6.32
2017-03-28,6.43
2017-04-04,6.48
2017-04-10,6.54
2017-04-18,6.47
2017-04-25,6.5
2017-05-02,6.5
2017-05-09,6.49
2017-05-16,6.53
2017-05-23,6.71
2017-05-30,6.72
2017-06-06,6.74
2017-06-13,6.79
2017-06-20,6.87
2017-06-27,6.96
2017-07-04,7.0
2017-07-11,6.98
2017-07-18,6.99
2017-07-25,6.99
2017-08-01,6.99
2017-08-08,6.96
2017-08-15,6.91
2017-08-22,6.92
2017-08-29,6.91
2017-09-05,6.98
2017-09-12,6.98
2017-09-19,6.98
2017-09-26,7.0
2017-10-03,7.03
2017-10-10,7.03
2017-10-17,7.04
2017-10-24,7.02
2017-10-30,7.03
2017-11-07,7.02
2017-11-14,7.01
2017-11-21,7.02
2017-11-28,7.01
2017-12-05,7.02
2017-12-11,7.19
2017-12-19,7.24
2017-12-26,7.22
2018-01-02,7.25
2018-01-09,7.24
2018-01-16,7.24
2018-01-23,7.25
2018-01-30,7.24
2018-02-06,7.35
2018-02-13,7.5
2018-02-20,7.49
2018-02-27,7.47
2018-03-06,7.5
2018-03-13,7.46
2018-03-20,7.44
2018-03-26,7.49
2018-04-03,7.46
2018-04-10,7.47
2018-04-17,7.45
2018-04-24,7.45
2018-04-30,7.47
2018-05-08,7.52
2018-05-15,7.58
2018-05-22,7.51
2018-05-29,7.48
2018-06-05,7.51
2018-06-12,7.62
2018-06-19,7.71
2018-06-26,7.7
2018-07-03,7.72
2018-07-10,7.74
2018-07-17,7.74
2018-07-24,7.72
2018-07-31,7.74
2018-08-07,7.74
2018-08-14,7.74
2018-08-21,7.71
2018-08-28,7.72
2018-09-04,7.7
2018-09-11,7.7
2018-09-18,7.69
2018-09-25,7.65
2018-10-02,7.67
2018-10-09,7.7
2018-10-16,7.65
2018-10-23,7.72
2018-10-30,7.76
2018-11-06,7.71
2018-11-13,7.79
2018-11-20,7.94
2018-11-27,7.97
2018-12-04,7.95
2018-12-10,7.97
2018-12-18,8.0
2018-12-24,8.17
2018-12-31,8.06
2019-01-08,8.0
2019-01-15,7.91
2019-01-22,7.91
2019-01-29,7.86
2019-02-05,7.9
2019-02-12,7.88
2019-02-19,7.85
2019-02-26,8.1
2019-03-07,8.0
2019-03-12,8.09
2019-03-19,8.15
2019-03-26,7.85
2019-04-02,7.8
2019-04-09,7.76
2019-04-15,7.81
2019-04-23,7.75
2019-04-29,8.2
2019-05-07,8.02
2019-05-14,8.05
2019-05-21,8.03
2019-05-28,8.05
2019-06-04,8.3
2019-06-11,8.28
2019-06-18,8.24
2019-06-25,8.18
2019-07-02,8.1
2019-07-09,8.17
2019-07-16,8.13
2019-07-23,8.15
2019-07-30,8.01
2019-08-06,8.15
2019-08-13,8.05
2019-08-20,7.96
2019-08-27,7.87
2019-09-03,7.81
2019-09-10,7.72
2019-09-17,7.72
2019-09-24,7.61
2019-10-01,7.65
2019-10-08,7.7
2019-10-15,7.67
2019-10-22,7.65
2019-10-29,7.62
2019-11-05,7.55
2019-11-12,7.45
2019-11-19,7.43
2019-11-26,7.46
2019-12-03,7.4
2019-12-09,7.04
2019-12-17,6.8
2019-12-23,7.25
2019-12-30,7.25
2020-01-07,7.26
2020-01-14,7.0
2020-01-21,7.05
2020-01-28,7.04
2020-02-04,6.99
2020-02-11,7.0
2020-02-18,6.95
2020-02-25,6.91
2020-03-03,6.7
2020-03-10,6.81
2020-03-17,7.15
2020-03-24,6.59
2020-03-31,6.39
2020-04-06,6.23
2020-04-14,6.0
2020-04-21,6.0
2020-04-28,5.84
2020-05-05,5.7
2020-05-12,5.39
2020-05-19,5.39
2020-05-26,5.38
2020-06-02,5.27
2020-06-09,5.15
2020-06-16,4.98
2020-06-23,4.85
2020-06-30,4.81
2020-07-07,4.95
2020-07-14,4.9
2020-07-21,4.8
2020-07-28,4.63
2020-08-04,4.53
2020-08-11,4.48
2020-08-18,4.43
2020-08-25,4.5
2020-09-01,4.42
2020-09-08,4.41
2020-09-14,4.45
2020-09-22,4.25
2020-09-29,4.18
2020-10-06,4.26
2020-10-13,4.22
2020-10-20,4.14
2020-10-27,4.22
2020-11-03,4.25
2020-11-10,4.14
2020-11-17,4.24
2020-11-24,4.28
2020-12-01,4.35
2020-12-08,4.26
2020-12-15,4.23
2020-12-22,4.27
2020-12-29,4.24
2021-01-05,4.28
2021-01-12,4.19
2021-01-19,4.19
2021-01-26,4.22
2021-02-02,4.24
2021-02-09,4.19
2021-02-16,4.01
2021-02-23,4.02
2021-03-02,4.06
2021-03-09,4.05
2021-03-16,4.05
2021-03-23,4.03
2021-03-29,4.08
2021-04-06,4.07
2021-04-13,4.07
2021-04-20,4.06
2021-04-27,4.06
2021-05-04,4.07
2021-05-11,4.06
2021-05-18,4.05
2021-05-25,4.07
2021-06-01,4.02
2021-06-08,4.04
2021-06-15,4.0
2021-06-22,4.03
2021-06-29,4.3
2021-07-06,4.3
2021-07-13,4.3
2021-07-20,4.33
2021-07-27,4.35
2021-08-03,4.33
2021-08-10,4.5
2021-08-17,4.5
2021-08-24,4.49
2021-08-31,4.39
2021-09-07,4.49
2021-09-13,4.6
2021-09-21,4.58
2021-09-28,4.69
2021-10-05,4.81
2021-10-12,4.79
2021-10-19,4.83
2021-10-26,4.93
2021-11-01,5.0
2021-11-09,5.14
2021-11-16,5.0
2021-11-23,5.05
2021-11-30,5.1
2021-12-07,5.2
2021-12-14,5.2
2021-12-21,5.45
2021-12-28,5.49
2022-01-04,5.51
2022-01-11,5.52
2022-01-18,5.57
2022-01-25,5.5
2022-02-01,5.84
2022-02-08,5.75
2022-02-15,5.95
2022-02-22,5.94
2022-03-01,6.06
2022-03-08,6.15
2022-03-15,6.33
2022-03-22,6.49
2022-03-29,6.52
2022-04-05,6.52
2022-04-11,6.52
2022-04-19,6.5
2022-04-26,6.68
2022-05-03,6.85
2022-05-10,6.97
2022-05-17,6.93
2022-05-24,6.9
2022-05-31,7.01
2022-06-07,7.32
2022-06-14,7.15
2022-06-21,7.5
2022-06-28,7.56
2022-07-05,7.7
2022-07-12,7.55
2022-07-19,7.74
2022-07-26,8.05
2022-08-02,8.01
2022-08-09,8.3
2022-08-16,8.35
2022-08-23,8.35
2022-08-30,8.35
2022-09-06,8.55
2022-09-13,8.75
2022-09-20,8.61
2022-09-27,9.25
2022-10-04,9.0
2022-10-11,8.9
2022-10-18,8.8
2022-10-25,9.0
2022-10-31,9.4
2022-11-08,9.19
2022-11-15,9.37
2022-11-22,9.7
2022-11-29,9.68
2022-12-06,10.0
2022-12-13,9.8
2022-12-20,10.2
2022-12-27,10.1
2023-01-03,10.49
2023-01-10,10.46
2023-01-17,10.7
2023-01-24,10.8
2023-01-31,10.78
2023-02-07,10.82
2023-02-14,11.05
2023-02-21,11.04
2023-02-28,11.05
2023-03-07,11.19
2023-03-14,11.3
2023-03-21,11.28
2023-03-28,11.34
2023-04-03,11.28
2023-04-11,11.3
2023-04-18,11.3
2023-04-25,11.27
2023-05-02,11.4
2023-05-09,11.39
2023-05-16,11.25
2023-05-23,11.25
2023-05-30,11.2
2023-06-06,11.32
2023-06-13,11.15
2023-06-20,11.09
2023-06-27,11.02
2023-07-04,11.3
2023-07-11,11.29
2023-07-18,11.18
2023-07-25,11.09
2023-08-01,11.28
2023-08-08,11.25
2023-08-15,11.26
2023-08-22,10.96
2023-08-29,11.07
2023-09-05,11.0
2023-09-12,11.25
2023-09-19,11.0
2023-09-26,11.05
2023-10-03,11.05
2023-10-10,11.05
2023-10-17,10.95
2023-10-24,11.26
2023-10-30,11.09
2023-11-07,10.95
2023-11-14,10.87
2023-11-21,10.75
2023-11-28,10.78
2023-12-05,11.25
2023-12-11,11.25
2023-12-19,11.09
2023-12-26,11.26
2024-01-02,11.3
2024-01-09,11.28
2024-01-16,11.3
2024-01-23,11.28
2024-01-30,11.15
2024-02-06,11.06
2024-02-13,11.05
2024-02-20,11.0
2024-02-27,11.0
2024-03-05,11.0
2024-03-12,11.18
2024-03-19,10.99
2024-03-25,10.9
2024-04-02,10.88
2024-04-09,10.92
2024-04-16,11.04
2024-04-23,11.04
2024-04-29,10.95
2024-05-07,11.03
2024-05-14,10.95
2024-05-21,11.0
2024-05-28,11.03
2024-06-04,11.04
2024-06-11,11.0
2024-06-18,10.95
2024-06-25,10.88
2024-07-02,11.02
2024-07-09,10.9
2024-07-16,10.89
2024-07-23,10.87
2024-07-30,10.97
2024-08-06,10.86
2024-08-13,10.65
2024-08-20,10.65
2024-08-27,10.65
2024-09-03,10.51
2024-09-10,10.49
2024-09-17,10.4
2024-09-24,10.35
2024-09-30,10.3
2024-10-08,10.3
2024-10-15,10.21
2024-10-22,10.2
2024-10-29,10.2
2024-11-05,10.1
2024-11-12,10.1
2024-11-19,10.05
2024-11-26,9.95
2024-12-03,9.9
2024-12-09,9.95
2024-12-17,9.8
2024-12-23,9.74
2024-12-30,10.04
2025-01-07,9.88
2025-01-14,9.78
2025-01-21,9.75
2025-01-28,9.87
2025-02-04,9.65
2025-02-11,9.35
2025-02-18,9.37
2025-02-25,9.44
2025-03-04,9.15
2025-03-11,9.14
2025-03-18,9.1
2025-03-25,9.02
2025-04-01,8.8
2025-04-08,8.8
2025-04-14,9.0
2025-04-22,8.8
2025-04-28,8.65
2025-05-06,8.55
2025-05-13,8.4
2025-05-20,8.15
2025-05-27,8.12
2025-06-03,8.1
2025-06-10,8.1
2025-06-17,8.14
2025-06-24,8.0
2025-07-01,7.7
2025-07-08,7.85
2025-07-15,7.65
2025-07-22,7.65
2025-07-29,7.48
2025-08-05,7.5
2025-08-12,7.38
2025-08-19,7.4
2025-08-26,7.27
2025-09-02,7.35
2025-09-09,7.35
2025-09-15,7.25
2025-09-23,7.2
2025-09-30,7.19
2025-10-07,7.47
2025-10-14,7.4
2025-10-21,7.1
2025-10-28,7.1
2025-11-04,7.3
2025-11-11,7.05
2025-11-18,7.25
2025-11-25,7.15
2025-12-02,7.29
2025-12-09,7.25
2025-12-16,7.15
2025-12-22,7.04
2025-12-29,7.07
2026-01-06,7.07
2026-01-13,6.99
2026-01-20,7.0
2026-01-27,6.95
2026-02-03,6.9
2026-02-10,6.88
2026-02-17,6.84
