fecha,SF282,SF3338,SF3270,SF3367,SF17858,SF17859,SF18607,SF17806,SF17807,SF17808,SF46997,SF46998,SF17990,SF18608,SF33229,SF30057,SF41841,SF60719,SF64840,SF18605,SF26717,SF98792,SF33230,SF98793,SF42852,SF221660,SF221661,SF4830,SF4831,SF4832,SF4842,SF17861,SF17862,SF18609,SF18606,SF26718,SF33231,SF221662,SF221663,SF17802,SF17803,SF17804
1978-01-01,,10.1,,,,,,,,,,,,,,,,,,,,,,,,,,,10.1,,,,,,,,,,,,,
1978-02-01,,9.85,,,,,,,,,,,,,,,,,,,,,,,,,,,9.85,,,,,,,,,,,,,
1978-03-01,,9.69,,,,,,,,,,,,,,,,,,,,,,,,,,,9.69,,,,,,,,,,,,,
1978-04-01,,9.64,,,,,,,,,,,,,,,,,,,,,,,,,,,9.64,,,,,,,,,,,,,
1978-05-01,,9.59,,,,,,,,,,,,,,,,,,,,,,,,,,,9.58,,,,,,,,,,,,,
1978-06-01,,9.8,,,,,,,,,,,,,,,,,,,,,,,,,,,9.82,,,,,,,,,,,,,
1978-07-01,,10.15,,,,,,,,,,,,,,,,,,,,,,,,,,,10.15,,,,,,,,,,,,,
1978-08-01,,10.54,,,,,,,,,,,,,,,,,,,,,,,,,,,10.48,,,,,,,,,,,,,
1978-09-01,,10.84,,,,,,,,,,,,,,,,,,,,,,,,,,,10.84,,,,,,,,,,,,,
1978-10-01,,11.32,,,,,,,,,,,,,,,,,,,,,,,,,,,11.4,,,,,,,,,,,,,
1978-11-01,,12.42,,,,,,,,,,,,,,,,,,,,,,,,,,,12.4,,,,,,,,,,,,,
1978-12-01,,12.75,,,,,,,,,,,,,,,,,,,,,,,,,,,12.75,,,,,,,,,,,,,
1979-01-01,,13.44,,,,,,,,,,,,,,,,,,,,,,,,,,,13.46,,,,,,,,,,,,,
1979-02-01,,13.79,,,,,,,,,,,,,,,,,,,,,,,,,,,13.75,,,,,,,,,,,,,
1979-03-01,,13.97,,,,,,,,,,,,,,,,,,,,,,,,,,,13.96,,,,,,,,,,,,,
1979-04-01,,14.07,,,,,,,,,,,,,,,,,,,,,,,,,,,14.06,,,,,,,,,,,,,
1979-05-01,,14.34,,,,,,,,,,,,,,,,,,,,,,,,,,,14.34,,,,,,,,,,,,,
1979-06-01,,14.49,,,,,,,,,,,,,,,,,,,,,,,,,,,14.49,,,,,,,,,,,,,
1979-07-01,,14.93,,,,,,,,,,,,,,,,,,,,,,,,,,,14.96,,,,,,,,,,,,,
1979-08-01,,15.37,,,,,,,,,,,,,,,,,,,,,,,,,,,15.42,,,,,,,,,,,,,
1979-09-01,,15.61,,,,,,,,,,,,,,,,,,,,,,,,,,,15.6,,,,,,,,,,,,,
1979-10-01,,15.98,,,,,,,,,,,,,,,,,,,,,,,,,,,16.02,,,,,,,,,,,,,
1979-11-01,,16.84,,,,,,,,,,,,,,,,,,,,,,,,,,,16.92,,,,,,,,,,,,,
1979-12-01,,17.99,,,,,,,,,,,,,,,,,,,,,,,,,,,17.95,,,,,,,,,,,,,
1980-01-01,,18.78,,,,,,,,,,,,,,,,,,,,,,,,,,,18.78,,,,,,,,,,,,,
1980-02-01,,19.46,,,,,,,,,,,,,,,,,,,,,,,,,,,19.44,,,,,,,,,,,,,
1980-03-01,,21.52,,,,,,,,,,,,,,,,,,,,,,,,,,,21.56,,,,,,,,,,,,,
1980-04-01,,22.44,,,,,,,,,,,,,,,,,,,,,,,,,,,22.44,,,,,,,,,,,,,
1980-05-01,,22.43,,,,,,,,,,,,,,,,,,,,,,,,,,,22.38,,,,,,,,,,,,,
1980-06-01,,21.63,,,,,,,,,,,,,,,,,,,,,,,,,,,21.54,,,,,,,,,,,,,
1980-07-01,,20.97,,,,,,,,,,,,,,,,,,,,,,,,,,,20.93,,,,,,,,,,,,,
1980-08-01,,21.54,,,,,,,,,,,,,,,,,,,,,,,,,,,21.65,,,,,,,,,,,,,
1980-09-01,,23.47,,,,,,,,,,,,,,,,,,,,,,,,,,,23.34,,,,,,,,,,,,,
1980-10-01,,24.82,,,,,,,,,,,,,,,,,,,,,,,,,,,24.93,,,,,,,,,,,,,
1980-11-01,,25.94,,,,,,,,,,,,,,,,,,,,,,,,,,,26.02,,,,,,,,,,,,,
1980-12-01,,27.94,,,,,,,,,,,,,,,,,,,,,,,,,,,28.1,,,,,,,,,,,,,
1981-01-01,,28.94,,,,,,,,,,,,,,,,,,,,,,,,,,,28.93,,,,,,,,,,,,,
1981-02-01,,28.82,,,,,,,,,,,,,,,,,,,,,,,,,,,28.84,,,,,,,,,,,,,
1981-03-01,,28.63,,,,,,,,,,,,,,,,,,,,,,,,,,,28.69,,,,,,,,,,,,,
1981-04-01,,28.4,,,,,,,,,,,,,,,,,,,,,,,,,,,28.38,,,,,,,,,,,,,
1981-05-01,,28.12,,,,,,,,,,,,,,,,,,,,,,,,,,,28.11,,,,,,,,,,,,,
1981-06-01,,28.36,,,,,,,,,,,,,,,,,,,,,,,,,,,28.39,,,,,,,,,,,,,
1981-07-01,,30.78,,,,,,,,,,,,,,,,,,,,,,,,,,,30.78,,,,,,,,,,,,,
1981-08-01,,33.65,,,,,,,,,,,,,,,,,,,,,,,,,,,33.64,,,,,,,,,,,,,
1981-09-01,,33.93,,,,,,,,,,,,,,,,,,,,,,,,,,,33.92,,,,,,,,,,,,,
1981-10-01,,33.82,,,,,,,,,,,,,,,,,,,,,,,,,,,33.78,,,,,,,,,,,,,
1981-11-01,,33.4,,,,,,,,,,,,,,,,,,,,,,,,,,,33.31,,,,,,,,,,,,,
1981-12-01,,33.34,,,,,,,,,,,,,,,,,,,,,,,,,,,33.36,,,,,,,,,,,,,
1982-01-01,,34.2,,,,,,,,,,,,,,,,,,,,,,,,,,0.0,34.25,,,,,,,,,,,,,
1982-02-01,,36.03,,,,,,,,,,,,,,,,,,,,,,,,,,0.0,36.21,,,,,,,,,,,,,
1982-03-01,,35.28,,,,,,,,,,,,,,,,,,,,,,,,,,0.0,35.24,,,,,,,,,,,,,
1982-04-01,,37.69,,,,,,,,,,,,,,,,,,,,,,,,,,0.0,37.63,,,,,,,,,,,,,
1982-05-01,,42.83,,,,,,,,,,,,,,,,,,,,,,,,,,0.0,42.89,,,,,,,,,,,,,
1982-06-01,,50.59,,,,,,,,,,,,,,,,,,,,,,,,,,0.0,51.72,,,,,,,,,,,,,
1982-07-01,,53.07,,,,,,,,,,,,,,,,,,,,,,,,,,0.0,53.0,,,,,,,,,,,,,
1982-08-01,,55.86,,,,,,,,,,,,,,,,,,,,,,,,,,0.0,56.15,,,,,,,,,,,,,
1982-09-01,53.32,50.67,,,,,,,,,,,,,,,,,,,,,,,,,,53.32,50.58,,,,,,,,,,,,,
1982-10-01,36.23,43.01,,,,,,,,,,,,,,,,,,,,,,,,,,36.32,42.79,,,,,,,,,,,,,
1982-11-01,38.98,51.68,,,,,,,,,,,,,,,,,,,,,,,,,,39.14,51.48,,,,,,,,,,,,,
1982-12-01,49.1,57.86,,,,,,,,,,,,,,,,,,,,,,,,,,48.74,57.73,,,,,,,,,,,,,
1983-01-01,53.86,59.86,,,,,,,,,,,,,,,,,,,,,,,,,,53.66,59.75,,,,,,,,,,,,,
1983-02-01,56.92,61.49,,,,,,,,,,,,,,,,,,,,,,,,,,56.92,61.57,,,,,,,,,,,,,
1983-03-01,61.95,64.81,,,,,,,,,,,,,,,,,,,,,,,,,,60.99,64.65,,,,,,,,,,,,,
1983-04-01,59.69,63.05,,,,,,,,,,,,,,,,,,,,,,,,,,59.69,63.04,,,,,,,,,,,,,
1983-05-01,60.19,63.4,,,,,,,,,,,,,,,,,,,,,,,,,,60.12,63.53,,,,,,,,,,,,,
1983-06-01,59.18,62.68,,,,,,,,,,,,,,,,,,,,,,,,,,59.17,62.69,,,,,,,,,,,,,
1983-07-01,59.4,61.16,,,,,,,,,,,,,,,,,,,,,,,,,,59.4,61.25,,,,,,,,,,,,,
1983-08-01,,57.97,,,,,,,,,,,,,,,,,,,,,,,,,,0.0,57.98,,,,,,,,,,,,,
1983-09-01,,56.3,,,,,,,,,,,,,,,,,,,,,,,,,,0.0,56.11,,,,,,,,,,,,,
1983-10-01,,54.72,,,,,,,,,,,,,,,,,,,,,,,,,,0.0,54.75,,,,,,,,,,,,,
1983-11-01,,54.06,,,,,,,,,,,,,,,,,,,,,,,,,,0.0,54.04,,,,,,,,,,,,,
1983-12-01,,53.95,,,,,,,,,,,,,,,,,,,,,,,,,,0.0,53.96,,,,,,,,,,,,,
1984-01-01,,53.21,,,,,,,,,,,,,,,,,,,,,,,,,,0.0,53.28,0.0,,,,,,,,,,,,
1984-02-01,,50.92,,,,,,,,,,,,,,,,,,,,,,,,,,0.0,51.06,0.0,,,,,,,,,,,,
1984-03-01,,46.2,,,,,,,,,,,,,,,,,,,,,,,,,,0.0,46.28,0.0,,,,,,,,,,,,
1984-04-01,,46.93,,,,,,,,,,,,,,,,,,,,,,,,,,0.0,46.96,0.0,,,,,,,,,,,,
1984-05-01,,50.4,,,,,,,,,,,,,,,,,,,,,,,,,,0.0,50.03,0.0,,,,,,,,,,,,
1984-06-01,,51.16,,,,,,,,,,,,,,,,,,,,,,,,,,0.0,51.18,0.0,,,,,,,,,,,,
1984-07-01,,51.15,,,,,,,,,,,,,,,,,,,,,,,,,,0.0,51.2,0.0,,,,,,,,,,,,
1984-08-01,,50.73,,,,,,,,,,,,,,,,,,,,,,,,,,0.0,50.74,0.0,,,,,,,,,,,,
1984-09-01,,49.92,51.16,,,,,,,,,,,,,,,,,,,,,,,,,0.0,50.34,51.3,,,,,,,,,,,,
1984-10-01,,47.97,49.4,,,,,,,,,,,,,,,,,,,,,,,,,0.0,47.94,49.77,,,,,,,,,,,,
1984-11-01,,47.94,51.6,,,,,,,,,,,,,,,,,,,,,,,,,0.0,48.04,51.61,,,,,,,,,,,,
1984-12-01,,49.32,50.56,,,,,,,,,,,,,,,,,,,,,,,,,0.0,49.29,50.48,,,,,,,,,,,,
1985-01-01,,48.33,51.74,,,,,,,,,,,,,,,,,,,,,,,,,0.0,48.31,51.74,,,,,,,,,,,,
1985-02-01,48.26,49.66,51.15,,,,,,,,,,,,,,,,,,,,,,,,,48.26,49.33,51.15,,,,,,,,,,,,
1985-03-01,55.29,57.58,53.35,,,,,,,,,,,,,,,,,,,,,,,,,55.82,58.5,53.35,,,,,,,,,,,,
1985-04-01,57.77,59.3,64.32,,,,,,,,,,,,,,,,,,,,,,,,,56.6,59.15,64.32,,,,,,,,,,,,
1985-05-01,56.08,59.95,63.0,,,,,,,,,,,,,,,,,,,,,,,,,55.05,60.44,63.0,,,,,,,,,,,,
1985-06-01,61.98,64.67,,,,,,,,,,,,,,,,,,,,,,,,,,61.1,66.21,0.0,,,,,,,,,,,,
1985-07-01,65.54,70.91,74.01,,,,,,,,,,,,,,,,,,,,,,,,,67.24,72.5,74.01,,,,,,,,,,,,
1985-08-01,69.31,73.91,,,,,,,,,,,,,,,,,,,,,,,,,,69.46,73.72,0.0,,,,,,,,,,,,
1985-09-01,65.35,69.48,,,,,,,,,,,,,,,,,,,,,,,,,,65.56,69.42,0.0,,,,,,,,,,,,
1985-10-01,61.95,66.6,,,,,,,,,,,,,,,,,,,,,,,,,,62.06,67.11,0.0,,,,,,,,,,,,
1985-11-01,64.31,69.1,,,,,,,,,,,,,,,,,,,,,,,,,,64.15,70.76,0.0,,,,,,,,,,,,
1985-12-01,71.65,74.8,,,,,,,,,,,,,,,,,,,,,,,,,,71.72,74.99,0.0,,,,,,,,,,,,
1986-01-01,72.15,75.3,,,,,,,,,,,,,,,,,,,,,,,,,,72.15,75.31,0.0,,,,,,,,,,,,
1986-02-01,72.49,76.48,,,,,,,,,,,,,,,,,,,,,,,,,,72.47,77.33,0.0,,,,,,,,,,,,
1986-03-01,77.5,79.38,,,,,,,,,,,,,,,,,,,,,,,,,,76.82,79.41,0.0,,,,,,,,,,,,
1986-04-01,80.5,80.86,,,,,,,,,,,,,,,,,,,,,,,,,,80.33,80.91,0.0,,,,,,,,,,,,
1986-05-01,80.5,81.01,,,,,,,,,,,,,,,,,,,,,,,,,,80.5,81.01,0.0,,,,,,,,,,,,
1986-06-01,84.63,85.88,,,,,,,,,,,,,,,,,,,,,,,,,,84.71,85.88,0.0,,,,,,,,,,,,
1986-07-01,90.08,90.5,,,,,,,,,,,,,,,,,,,,,,,,,,90.48,90.51,0.0,,,,,,,,,,,,
1986-08-01,95.17,,,,,,,,,,,,,,,,,,,,,,,,,,,96.52,0.0,0.0,,,,,,,,,,,,
1986-09-01,100.89,,,,,,,,,,,,,,,,,,,,,,,,,,,100.23,0.0,0.0,,,,,,,,,,,,
1986-10-01,99.66,108.08,,,,,,,,,,,,,,,,,,,,,,,,,,99.71,108.24,0.0,,,,,,,,,,,,
1986-11-01,95.61,104.15,,,,,,,,,,,,,,,,,,,,,,,,,,95.74,104.4,0.0,,,,,,,,,,,,
1986-12-01,99.28,105.48,,,,,,,,,,,,,,,,,,,,,,,,,,99.47,105.23,0.0,,,,,,,,,,,,
1987-01-01,96.74,104.96,,,,,,,,,,,,,,,,,,,,,,,,,,96.35,104.99,0.0,,,,,,,,,,,,
1987-02-01,96.71,104.97,,,,,,,,,,,,,,,,,,,,,,,,,,96.69,104.95,0.0,,,,,,,,,,,,
1987-03-01,95.55,101.81,112.43,,,,,,,,,,,,,,,,,,,,,,,,,95.0,101.61,112.59,,,,,,,,,,,,
1987-04-01,92.97,99.55,111.36,,,,,,,,,,,,,,,,,,,,,,,,,93.04,99.64,111.36,,,,,,,,,,,,
1987-05-01,91.5,98.44,110.0,,,,,,,,,,,,,,,,,,,,,,,,,91.47,98.42,110.12,,,,,,,,,,,,
1987-06-01,91.64,98.37,109.57,,,,,,,,,,,,,,,,,,,,,,,,,91.67,98.34,109.56,,,,,,,,,,,,
1987-07-01,91.26,96.14,106.71,,,,,,,,,,,,,,,,,,,,,,,,,91.12,97.27,106.48,,,,,,,,,,,,
1987-08-01,90.22,95.9,106.03,,,,,,,,,,,,,,,,,,,,,,,,,90.32,95.87,106.27,,,,,,,,,,,,
1987-09-01,89.93,95.43,106.92,,,,,,,,,,,,,,,,,,,,,,,,,89.91,95.62,106.8,,,,,,,,,,,,
1987-10-01,90.1,96.46,107.7,,,,,,,,,,,,,,,,,,,,,,,,,89.81,98.25,107.4,,,,,,,,,,,,
1987-11-01,103.91,110.82,122.29,,,,,,,,,,,,,,,,,,,,,,,,,103.71,115.05,134.12,,,,,,,,,,,,
1987-12-01,122.04,131.1,,,,,,,,,,,,,,,,,,,,,,,,,,122.45,135.5,0.0,,,,,,,,,,,,
1988-01-01,157.07,157.63,,,,,,,,,,,,,,,,,,,,,,,,,,157.63,156.15,0.0,,,,,,,,,,,,
1988-02-01,153.52,153.92,,,,,,,,,,,,,,,,,,,,,,,,,,153.57,153.63,0.0,,,,,,,,,,,,
1988-03-01,96.48,77.77,,,,,,,,,,,,,,,,,,,,,,,,,,97.0,79.94,0.0,,,,,,,,,,,,
1988-04-01,63.5,53.82,,,,,,,,,,,,,,,,,,,,,,,,,,63.63,53.81,0.0,,,,,,,,,,,,
1988-05-01,53.12,46.24,37.28,,,,,,,,,,,,,,,,,,,,,,,,,53.98,44.7,37.28,,,,,,,,,,,,
1988-06-01,40.41,33.1,33.27,,,,,,,,,,,,,,,,,,,,,,,,,53.98,33.78,34.74,,,,,,,,,,,,
1988-07-01,40.32,32.45,32.54,,,,,,,,,,,,,,,,,,,,,,,,,40.32,32.45,32.54,,,,,,,,,,,,
1988-08-01,41.34,32.45,32.54,,,,,,,,,,,,,,,,,,,,,,,,,41.47,32.45,32.55,,,,,,,,,,,,
1988-09-01,41.84,32.45,32.54,,,,,,,,,,,,,,,,,,,,,,,,,41.81,32.45,32.54,,,,,,,,,,,,
1988-10-01,44.51,32.45,32.54,,,,,,,,,,,,,,,,,,,,,,,,,44.68,32.45,32.54,,,,,,,,,,,,
1988-11-01,50.0,,,,,,,,,,,,,,,,,,,,,,,,,,,50.0,0.0,0.0,,,,,,,,,,,,
1988-12-01,52.3,51.47,,,,,,,,,,,,,,,,,,,,,,,,,,52.31,51.47,0.0,,,,,,,,,,,,
1989-01-01,50.78,50.66,,,,,,,,,,,,,,,,,,,,,,,,,,50.82,50.51,0.0,,,,,,,,,,,,
1989-02-01,49.15,49.4,,,,,,,,,,,,,,,,,,,,,,,,,,49.17,49.37,0.0,,,,,,,,,,,,
1989-03-01,47.79,48.81,,,,,,,,,,,,,,,,,,,,,,,,,,47.8,48.68,0.0,,,,,,,,,,,,
1989-04-01,50.09,51.55,,,,,,,,,,,,,,,,,,,,,,,,,,50.11,51.52,0.0,,,,,,,,,,,,
1989-05-01,51.83,53.83,,,,,,,,,,,,,,,,,,,,,,,,,,51.87,53.68,0.0,,,,,,,,,,,,
1989-06-01,56.68,54.99,,,,,,,,,,,,,,,,,,,,,,,,,,56.68,54.99,0.0,,,,,,,,,,,,
1989-07-01,47.03,36.42,,,,,,,,,,,,,,,,,,,,,,,,,,47.78,36.42,0.0,,,,,,,,,,,,
1989-08-01,34.76,36.43,,,,,,,,,,,,,,,,,,,,,,,,,,34.86,36.14,0.0,,,,,,,,,,,,
1989-09-01,34.35,35.73,,,,,,,,,,,,,,,,,,,,,,,,,,34.3,35.61,0.0,,,,,,,,,,,,
1989-10-01,37.92,39.18,,,,,,,,,,,,,,,,,,,,,,,,,,37.87,38.0,0.0,,,,,,,,,,,,
1989-11-01,38.99,40.07,,,,,,,,,,,,,,,,,,,,,,,,,,38.79,40.09,0.0,,,,,,,,,,,,
1989-12-01,40.55,40.19,,,,,,,,,,,,,,,,,,,,,,,,,,40.43,39.74,0.0,,,,,,,,,,,,
1990-01-01,41.29,40.25,,,,,,,,,,,,,,,,,,,,,,,,,,41.22,40.27,0.0,0.0,,,,,,,,,,,
1990-02-01,45.2,43.03,,,,,,,,,,,,,,,,,,,,,,,,,,45.13,42.89,0.0,0.0,,,,,,,,,,,
1990-03-01,46.65,45.16,,,,,,,,,,,,,,,,,,,,,,,,,,46.71,45.21,0.0,0.0,,,,,,,,,,,
1990-04-01,44.64,44.32,,,,,,,,,,,,,,,,,,,,,,,,,,44.45,43.19,0.0,0.0,,,,,,,,,,,
1990-05-01,36.92,38.0,,,,,,,,,,,,,,,,,,,,,,,,,,36.8,38.0,0.0,0.0,,,,,,,,,,,
1990-06-01,32.38,33.27,,,,,,,,,,,,,,,,,,,,,,,,,,32.39,33.21,0.0,0.0,,,,,,,,,,,
1990-07-01,30.66,31.76,32.34,,,,,,,,,,,,,,,,,,,,,,,,,30.25,32.48,32.48,0.0,,,,,,,,,,,
1990-08-01,29.72,30.54,31.42,,,,,,,,,,,,,,,,,,,,,,,,,29.74,30.52,31.37,0.0,,,,,,,,,,,
1990-09-01,30.14,31.54,31.85,,,,,,,,,,,,,,,,,,,,,,,,,30.15,31.57,31.83,0.0,,,,,,,,,,,
1990-10-01,28.7,30.34,30.9,,,,,,,,,,,,,,,,,,,,,,,,,29.84,30.1,30.14,0.0,,,,,,,,,,,
1990-11-01,24.82,26.29,25.32,25.57,,,,,,,,,,,,,,,,,,,,,,,,25.15,26.12,26.67,24.64,,,,,,,,,,,
1990-12-01,25.99,25.84,25.12,25.13,,,,,,,,,,,,,,,,,,,,,,,,25.94,26.06,25.08,25.12,,,,,,,,,,,
1991-01-01,23.64,23.93,23.93,24.61,,,,,,,,,,,,,,,,,,,,,,,,23.63,24.02,23.85,24.43,,,,,,,,,,,
1991-02-01,23.15,23.33,23.54,24.4,,,,,,,,,,,,,,,,,,,,,,,,23.2,23.31,23.51,24.36,,,,,,,,,,,
1991-03-01,22.04,22.51,22.5,23.0,,,,,,,,,,,,,,,,,,,,,,,,22.03,22.48,22.59,22.87,,,,,,,,,,,
1991-04-01,21.12,21.43,21.3,21.93,,,,,,,,,,,,,,,,,,,,,,,,21.36,21.5,21.42,21.92,,,,,,,,,,,
1991-05-01,19.77,20.15,20.16,20.06,,,,,,,,,,,,,,,,,,,,,,,,19.88,20.28,19.94,19.96,,,,,,,,,,,
1991-06-01,17.74,18.53,18.34,18.52,,,,,,,,,,,,,,,,,,,,,,,,17.68,18.28,18.2,18.53,,,,,,,,,,,
1991-07-01,18.47,18.64,18.74,18.38,,,,,,,,,,,,,,,,,,,,,,,,18.48,18.73,18.62,18.38,,,,,,,,,,,
1991-08-01,16.71,17.68,18.11,17.55,,,,,,,,,,,,,,,,,,,,,,,,16.68,17.62,18.09,17.47,,,,,,,,,,,
1991-09-01,17.55,18.72,19.01,17.95,,,,,,,,,,,,,,,,,,,,,,,,17.5,18.5,18.77,17.95,,,,,,,,,,,
1991-10-01,17.87,18.38,18.11,17.25,,,,,,,,,,,,,,,,,,,,,,,,17.85,18.4,18.11,17.23,,,,,,,,,,,
1991-11-01,16.62,17.24,16.91,16.62,,,,,,,,,,,,,,,,,,,,,,,,16.62,17.28,16.87,16.65,,,,,,,,,,,
1991-12-01,16.65,17.33,16.66,16.36,,,,,,,,,,,,,,,,,,,,,,,,16.64,17.35,16.69,16.34,,,,,,,,,,,
1992-01-01,15.31,15.84,15.6,15.71,,,,,,,,,,,,,,,,,,,,,,,,15.35,15.83,15.59,15.66,,,,,,,,,,,
1992-02-01,14.56,15.13,14.95,15.27,,,,,,,,,,,,,,,,,,,,,,,,14.49,15.12,14.93,15.32,,,,,,,,,,,
1992-03-01,11.84,11.73,11.72,12.36,,,,,,,,,,,,,,,,,,,,,,,,11.78,11.71,11.68,12.23,,,,,,,,,,,
1992-04-01,12.44,11.86,11.61,11.82,,,,,,,,,,,,,,,,,,,,,,,,12.47,11.89,11.61,11.82,,,,,,,,,,,
1992-05-01,13.6,13.1,12.78,12.99,,,,,,,,,,,,,,,,,,,,,,,,13.57,13.1,12.78,12.99,,,,,,,,,,,
1992-06-01,15.03,14.84,14.81,14.42,,,,,,,,,,,,,,,,,,,,,,,,15.09,14.78,14.74,14.42,,,,,,,,,,,
1992-07-01,16.23,16.99,16.94,16.5,,,,,,,,,,,,,,,,,,,,,,,,16.17,16.98,16.93,16.38,,,,,,,,,,,
1992-08-01,16.49,17.29,18.12,17.95,,,,,,,,,,,,,,,,,,,,,,,,16.9,17.31,18.18,17.95,,,,,,,,,,,
1992-09-01,17.54,18.63,18.94,19.26,,,,,,,,,,,,,,,,,,,,,,,,17.45,18.55,18.71,19.2,,,,,,,,,,,
1992-10-01,19.39,19.49,19.33,19.34,,,,,,,,,,,,,,,,,,,,,,,,19.38,19.46,19.33,19.34,,,,,,,,,,,
1992-11-01,18.15,18.23,18.35,18.7,,,,,,,,,,,,,,,,,,,,,,,,18.13,18.19,18.29,18.66,,,,,,,,,,,
1992-12-01,16.88,17.53,17.95,18.96,,,,,,,,,,,,,,,,,,,,,,,,16.84,17.38,17.88,18.94,,,,,,,,,,,
1993-01-01,16.72,18.3,18.21,18.99,,,,,,,,,,,,,,,,,,,,,,,,16.72,18.29,18.21,18.98,,,,,,,,,,,
1993-02-01,17.74,18.75,18.84,19.72,,,,,,,,,,,,,,,,,,,,,,,,17.75,18.71,18.33,19.66,,,,,,,,,,,
1993-03-01,17.47,17.98,18.14,18.84,,,,,,,,,,,,,,,,,,,,,,,,17.49,17.94,18.1,18.78,,,,,,,,,,,
1993-04-01,16.17,16.74,17.06,17.16,,,,,,,,,,,,,,,,,,,,,,,,16.15,16.73,17.18,17.02,,,,,,,,,,,
1993-05-01,15.04,16.34,16.96,16.74,,,,,,,,,,,,,,,,,,,,,,,,15.02,16.33,16.95,16.7,,,,,,,,,,,
1993-06-01,15.5,15.95,16.63,16.45,,,,,,,,,,,,,,,,,,,,,,,,15.5,15.94,16.55,16.34,,,,,,,,,,,
1993-07-01,13.85,14.73,14.89,14.74,,,,,,,,,,,,,,,,,,,,,,,,13.82,14.66,14.86,14.72,,,,,,,,,,,
1993-08-01,13.68,14.1,14.29,13.99,,,,,,,,,,,,,,,,,,,,,,,,13.66,14.08,14.26,13.95,,,,,,,,,,,
1993-09-01,13.71,14.12,13.88,13.41,,,,,,,,,,,,,,,,,,,,,,,,13.7,14.09,13.86,13.38,,,,,,,,,,,
1993-10-01,13.13,13.55,13.49,13.2,,,,,,,,,,,,,,,,,,,,,,,,13.09,13.52,13.44,13.17,,,,,,,,,,,
1993-11-01,14.38,13.72,12.91,12.37,,,,,,,,,,,,,,,,,,,,,,,,14.35,13.67,12.89,12.33,,,,,,,,,,,
1993-12-01,11.78,11.71,11.38,11.03,,,,,,,,,,,,,,,,,,,,,,,,11.78,11.69,11.37,11.03,,,,,,,,,,,
1994-01-01,10.52,10.75,10.77,10.72,0.11,,,,,,,,,,,,,,,,,,,,,,,10.52,10.75,10.78,10.72,0.11,,,,,,,,,,
1994-02-01,9.45,9.8,10.29,10.53,-0.06,,,,,,,,,,,,,,,,,,,,,,,9.45,9.8,10.29,10.53,-0.06,,,,,,,,,,
1994-03-01,9.73,10.31,11.29,11.37,-0.04,,,,,,,,,,,,,,,,,,,,,,,9.73,10.31,11.29,11.37,-0.04,,,,,,,,,,
1994-04-01,15.79,15.92,15.62,15.16,0.0,,,,,,,,,,,,,,,,,,,,,,,15.74,15.75,15.49,15.0,0.0,,,,,,,,,,
1994-05-01,16.36,17.44,16.4,16.41,-0.33,,,,,,,,,,,,,,,,,,,,,,,16.32,17.43,16.37,16.42,-0.33,,,,,,,,,,
1994-06-01,16.18,16.74,15.82,15.57,0.0,,,,,,,,,,,,,,,,,,,,,,,16.19,16.66,15.8,15.55,0.0,,,,,,,,,,
1994-07-01,17.07,17.38,17.01,16.33,-0.31,,,,,,,,,,,,,,,,,,,,,,,16.93,17.29,17.02,16.33,-0.31,,,,,,,,,,
1994-08-01,14.46,14.76,14.06,13.41,-0.52,,,,,,,,,,,,,,,,,,,,,,,14.06,14.28,13.67,13.04,-0.52,,,,,,,,,,
1994-09-01,13.76,14.15,13.81,13.39,0.0,,,,,,,,,,,,,,,,,,,,,,,13.8,14.22,13.86,13.4,0.0,,,,,,,,,,
1994-10-01,13.6,13.98,14.03,13.63,0.0,,,,,,,,,,,,,,,,,,,,,,,13.61,13.98,14.03,13.63,0.0,,,,,,,,,,
1994-11-01,13.74,14.54,14.5,14.28,0.0,,,,,,,,,,,,,,,,,,,,,,,13.74,14.54,14.49,14.26,0.0,,,,,,,,,,
1994-12-01,18.51,19.62,15.24,15.12,0.0,,,,,,,,,,,,,,,,,,,,,,,20.07,19.31,15.24,15.12,0.0,,,,,,,,,,
1995-01-01,37.25,39.23,34.34,35.48,2.24,,,,,,,,,,,,,,,,,,,,,,,37.73,39.26,35.02,36.43,2.2,,,,,,,,,,
1995-02-01,41.69,41.65,37.72,36.19,1.86,,,,,,,,,,,,,,,,,,,,,,,41.23,39.54,36.53,35.71,2.03,,,,,,,,,,
1995-03-01,69.54,71.2,54.5,48.02,4.3,,,,,,,,,,,,,,,,,,,,,,,70.55,68.38,52.14,47.19,4.97,,,,,,,,,,
1995-04-01,74.75,71.5,,,4.15,,,,,,,,,,,,,,,,,,,,,,,74.84,71.24,0.0,0.0,4.28,,,,,,,,,,
1995-05-01,59.17,54.71,48.96,,2.25,,,,,,,,,,,,,,,,,,,,,,,58.41,54.31,48.94,0.0,2.27,,,,,,,,,,
1995-06-01,47.25,47.31,46.7,,1.94,,,,,,,,,,,,,,,,,,,,,,,47.25,47.32,46.46,0.0,1.99,,,,,,,,,,
1995-07-01,40.94,39.72,40.01,37.11,1.44,,,,,,,,,,,,,,,,,,,,,,,40.96,39.68,39.97,37.11,1.44,,,,,,,,,,
1995-08-01,35.14,35.88,36.62,36.6,1.07,,,,,,,,,,,,,,,,,,,,,,,35.13,35.9,36.61,36.58,1.07,,,,,,,,,,
1995-09-01,33.46,34.33,35.44,36.11,1.0,,,,,,,,,,,,,,,,,,,,,,,33.48,34.34,35.45,36.13,1.0,,,,,,,,,,
1995-10-01,40.29,41.2,40.1,40.43,2.04,,,,,,,,,,,,,,,,,,,,,,,40.32,41.2,40.1,40.43,2.06,,,,,,,,,,
1995-11-01,53.16,54.19,53.05,,2.88,,,,,,,,,,,,,,,,,,,,,,,53.22,54.19,53.05,0.0,2.88,,,,,,,,,,
1995-12-01,48.62,48.01,46.36,,2.15,,,,,,,,,,,,,,,,,,,,,,,48.65,48.06,46.36,0.0,2.16,,,,,,,,,,
1996-01-01,40.99,41.57,41.37,40.91,1.46,,,,,,,,,,,,,,,,,,,,,,,40.91,41.51,41.18,40.89,1.46,,,,,,,,,,
1996-02-01,38.58,40.66,41.65,43.11,1.74,,,,,,,,,,,,,,,,,,,,,,,38.54,40.62,41.65,43.11,1.74,,,,,,,,,,
1996-03-01,41.45,43.05,42.9,43.77,1.83,,,,,,,,,,,,,,,,,,,,,,,41.52,43.17,43.19,43.56,1.83,,,,,,,,,,
1996-04-01,35.21,37.15,37.42,38.09,1.3,,,,,,,,,,,,,,,,,,,,,,,35.1,37.04,37.33,38.09,1.3,,,,,,,,,,
1996-05-01,28.45,31.07,32.67,34.5,0.9,,,7.13,,,,,,,,,,,,,,,,,,,,28.45,31.07,32.67,34.5,0.91,,,,,,,,7.13,,
1996-06-01,27.81,29.64,31.93,33.56,1.0,,,7.52,,,,,,,,,,,,,,,,,,,,27.81,29.64,31.93,33.54,1.0,,,,,,,,7.52,,
1996-07-01,31.25,31.66,33.45,34.84,1.4,,,8.61,,,,,,,,,,,,,,,,,,,,31.25,31.66,33.45,34.84,1.4,,,,,,,,8.61,,
1996-08-01,26.51,29.16,31.45,32.74,1.35,,,8.35,,,,,,,,,,,,,,,,,,,,26.51,29.16,31.45,32.74,1.36,,,,,,,,8.35,,
1996-09-01,23.9,27.79,29.62,30.25,1.38,,,8.42,,,,,,,,,,,,,,,,,,,,23.9,27.79,29.62,30.25,1.38,,,,,,,,8.42,,
1996-10-01,25.75,27.68,28.27,28.13,1.63,,,7.81,,,,,,,,,,,,,,,,,,,,25.75,27.68,28.27,28.13,1.64,,,,,,,,7.81,,
1996-11-01,29.57,28.94,27.66,26.97,1.69,,,7.46,,,,,,,,,,,,,,,,,,,,29.57,28.94,27.66,26.97,1.69,,,,,,,,7.43,,
1996-12-01,27.23,26.51,25.7,25.71,1.42,,,6.88,,,,,,,,,,,,,,,,,,,,27.23,26.51,25.7,25.71,1.42,,,,,,,,6.88,,
1997-01-01,23.55,24.6,24.93,25.94,1.44,,,6.63,,,,,,,,,,,,,,,,,,,,23.55,24.6,24.93,25.94,1.44,0.0,,,,,,,6.61,0.0,
1997-02-01,19.8,21.96,22.97,24.14,1.28,,,6.32,6.3,,,,,,,,,,,,,,,,,,,19.84,22.0,23.0,24.14,1.28,0.0,,,,,,,6.32,6.3,
1997-03-01,21.66,22.32,22.79,24.1,1.3,,,6.46,6.48,,,,,,,,,,,,,,,,,,,21.66,22.32,22.79,24.1,1.3,0.0,,,,,,,6.46,6.48,
1997-04-01,21.35,22.37,22.8,24.14,1.31,,,7.08,6.98,,,,,,,,,,,,,,,,,,,21.35,22.37,22.8,24.14,1.32,0.0,,,,,,,7.03,6.98,
1997-05-01,18.42,20.59,21.72,23.06,1.3,,,7.01,6.96,,,,,,,,,,,,,,,,,,,18.42,20.59,21.72,23.06,1.3,0.0,,,,,,,7.01,6.96,
1997-06-01,20.17,21.4,21.7,22.61,1.37,,,6.74,6.75,,,,,,,,,,,,,,,,,,,20.17,21.4,21.7,22.61,1.37,0.0,,,,,,,6.74,6.75,
1997-07-01,18.8,19.4,20.56,20.73,1.19,,,6.09,6.11,,,,,,,,,,,,,,,,,,,18.8,19.4,20.56,20.73,1.19,0.0,,,,,,,6.1,6.12,
1997-08-01,18.93,20.15,21.18,21.18,1.17,,,6.07,6.07,,,,,,,,,,,,,,,,,,,18.93,20.26,21.27,21.26,1.17,0.0,,,,,,,6.08,6.07,
1997-09-01,18.02,20.51,21.41,21.22,0.0,,,6.14,6.12,,,,,,,,,,,,,,,,,,,18.02,20.51,21.41,21.22,0.0,0.0,,,,,,,6.14,6.12,
1997-10-01,17.92,19.91,20.35,20.13,0.0,0.52,,5.67,5.76,,,,,,,,,,,,,,,,,,,17.92,19.91,20.35,20.13,0.0,0.52,,,,,,,5.67,5.76,
1997-11-01,20.16,22.01,22.17,22.05,0.0,0.67,,6.16,6.25,,,,,,,,,,,,,,,,,,,20.16,22.01,22.17,22.05,0.0,0.67,,,,,,,6.16,6.25,
1997-12-01,18.85,19.88,20.0,20.04,0.0,0.52,,5.74,5.73,,,,,,,,,,,,,,,,,,,18.85,19.88,20.0,20.04,0.0,0.52,,,,,,,5.74,5.73,
1998-01-01,17.95,19.37,19.66,19.95,0.0,0.54,,5.91,5.95,,,,,,,,,,,,,,,,,,,17.95,19.37,19.66,19.95,0.0,0.54,,,,,,,5.91,5.95,
1998-02-01,18.74,19.63,20.05,20.47,0.0,0.53,,6.09,6.14,,,,,,,,,,,,,,,,,,,18.74,19.64,20.06,20.48,0.0,0.53,,,,,,,6.09,6.14,
1998-03-01,19.85,20.76,20.99,21.43,0.0,0.61,,6.7,6.73,,,,,,,,,,,,,,,,,,,19.85,20.76,20.99,21.43,0.0,0.61,,,,,,,6.7,6.73,
1998-04-01,19.03,19.47,19.59,20.52,0.0,0.59,,6.84,6.83,,,,,,,,,,,,,,,,,,,19.03,19.47,19.59,20.52,0.0,0.59,,,,,,,6.84,6.83,
1998-05-01,17.91,18.85,19.83,21.0,0.0,0.58,,7.06,7.07,,,,,,,,,,,,,,,,,,,17.91,18.85,19.83,21.0,0.0,0.58,,,,,,,7.06,7.07,
1998-06-01,19.5,20.99,22.08,23.2,0.0,0.66,,7.56,7.52,,,,,,,,,,,,,,,,,,,19.5,20.99,22.08,23.2,0.0,0.66,,,,,,,7.56,7.52,
1998-07-01,20.08,21.82,23.4,24.49,0.0,0.79,,7.65,7.53,,,,,,,,,,,,,,,,,,,20.08,21.82,23.4,24.49,0.0,0.79,,,,,,,7.65,7.53,
1998-08-01,22.64,25.22,26.83,27.99,0.0,0.97,,7.85,7.83,,,,,,,,,,,,,,,,,,,22.64,25.22,26.83,27.99,0.0,0.97,,,,,,,7.85,7.83,
1998-09-01,40.8,41.9,,,0.0,1.92,,,,,,,,,,,,,,,,,,,,,,41.33,41.03,0.0,0.0,0.0,1.92,,,,,,,,0.0,
1998-10-01,34.86,37.53,,,0.0,1.74,,,,,,,,,,,,,,,,,,,,,,34.81,37.49,0.0,0.0,0.0,1.71,,,,,,,,0.0,
1998-11-01,32.12,34.3,,,0.0,1.58,,,,,,,,,,,,,,,,,,,,,,32.12,34.3,0.0,0.0,0.0,1.58,,,,,,,,0.0,
1998-12-01,33.66,34.35,,,0.0,1.12,,,,,,,,,,,,,,,,,,,,,,33.66,34.35,0.0,0.0,0.0,1.12,,,,,,,,0.0,
1999-01-01,32.13,32.27,31.88,31.27,0.0,1.24,,,,,,,,,,,,,,,,,,,,,,32.04,32.27,31.88,31.27,0.0,1.26,,,,,,,,0.0,0.0
1999-02-01,28.76,28.72,28.29,28.29,0.0,1.23,,,8.36,,,,,,,,,,,,,,,,,,,28.76,28.72,28.29,28.29,0.0,1.23,,,,,,,,8.36,0.0
1999-03-01,23.47,23.86,23.87,25.1,0.0,1.2,,,8.05,,,,,,,,,,,,,,,,,,,23.47,23.86,23.87,25.1,0.0,1.19,,,,,,,,8.05,0.0
1999-04-01,20.29,21.05,21.5,23.26,1.03,1.32,,,7.79,,,,,,,,,,,,,,,,,,,20.29,21.05,21.5,23.26,1.03,1.32,,,,,,,,7.79,0.0
1999-05-01,19.89,21.02,21.82,22.74,1.07,1.34,,,7.83,,,,,,,,,,,,,,,,,,,19.89,21.02,21.82,22.74,1.07,1.34,,,,,,,,7.83,0.0
1999-06-01,21.08,21.35,22.46,23.55,1.01,1.35,,,8.05,,,,,,,,,,,,,,,,,,,21.08,21.35,22.46,23.55,1.01,1.35,,,,,,,,8.05,0.0
1999-07-01,19.78,20.78,22.31,23.58,0.84,1.26,,,8.15,,,,,,,,,,,,,,,,,,,19.76,20.78,22.41,23.74,0.84,1.26,,,,,,,,8.15,0.0
1999-08-01,20.54,21.49,24.33,25.46,1.06,1.39,,,8.35,,,,,,,,,,,,,,,,,,,20.54,21.49,24.33,25.46,1.07,1.39,,,,,,,,8.35,0.0
1999-09-01,19.71,21.34,23.15,24.01,1.01,1.3,,,8.51,,,,,,,,,,,,,,,,,,,19.71,21.34,23.15,24.0,1.01,1.3,,,,,,,,8.51,0.0
1999-10-01,17.87,20.3,21.93,22.88,0.84,1.16,,,8.26,7.14,,,,,,,,,,,,,,,,,,17.87,20.3,21.93,22.89,0.84,1.15,,,,,,,,8.26,7.14
1999-11-01,16.96,18.68,19.92,20.63,0.82,0.87,,,7.43,7.01,,,,,,,,,,,,,,,,,,16.96,18.68,19.91,20.62,0.83,0.86,,,,,,,,7.43,7.01
1999-12-01,16.45,17.65,18.3,18.76,0.68,0.8,,,6.66,6.63,,,,,,,,,,,,,,,,,,16.45,17.65,18.3,18.76,0.68,0.8,,,,,,,,6.66,6.63
2000-01-01,16.19,17.43,17.9,18.82,0.73,0.68,,,6.64,6.58,,,17.7,,,,,,,,,,,,,,,16.19,17.43,17.89,18.82,0.73,0.71,0.0,0.0,,,,,,6.64,6.58
2000-02-01,15.81,16.44,16.61,17.27,0.0,0.55,,,6.23,6.04,,,15.95,,,,,,,,,,,,,,,15.81,16.44,16.61,17.27,0.0,0.55,0.0,0.0,,,,,,6.63,6.04
2000-03-01,13.66,14.46,15.09,15.89,0.0,0.59,,,6.01,5.91,,,14.94,,,,,,,0.52,,,,,,,,13.66,14.46,15.09,15.89,0.0,0.6,0.0,0.52,,,,,,6.01,5.91
2000-04-01,12.93,14.37,15.49,17.04,0.0,,1.02,,,,,,15.95,,,,,,,0.84,,,,,,,,12.93,14.37,15.49,17.04,0.0,0.0,1.02,0.84,,,,,,0.0,0.0
2000-05-01,14.18,15.58,16.21,17.61,0.0,,0.89,,7.48,7.52,,,16.9,17.4,,,,,,1.34,,,,,,,,14.22,15.58,16.27,17.61,0.0,0.0,0.89,1.34,,,,,,7.48,7.52
2000-06-01,15.65,16.61,17.26,16.88,0.0,,0.9,,8.1,7.64,,,16.1,,,,,,,1.41,,,,,,,,15.65,16.61,17.26,16.88,0.0,0.0,0.9,1.41,,,,,,8.1,7.64
2000-07-01,13.73,14.62,15.27,15.84,0.0,,0.74,,,,,,14.95,,,,,,,1.21,,,,,,,,13.73,14.62,15.26,15.84,0.0,0.0,0.74,1.21,,,,,,0.0,0.0
2000-08-01,15.23,15.71,16.46,16.95,0.0,,0.84,,7.04,6.81,,,15.7,14.85,,,,,,1.12,1.09,,,,,,,15.23,15.71,16.46,16.95,0.0,0.0,0.84,1.12,1.09,,,,,7.04,6.81
2000-09-01,15.06,16.15,16.67,16.11,0.0,,1.0,,7.03,6.48,,,15.15,15.15,,,,,,1.02,1.1,,,,,,,15.06,16.15,16.67,16.11,0.0,0.0,1.0,1.02,1.1,,,,,7.03,6.48
2000-10-01,15.88,17.06,17.19,16.66,0.0,0.96,1.08,,,6.91,,,15.69,15.44,,,,,,1.22,1.22,,,,,,,15.88,17.06,17.19,16.66,0.0,0.96,1.08,1.22,1.22,,,,,0.0,6.91
2000-11-01,17.56,18.01,17.44,17.12,0.0,0.91,1.02,,,,,,15.38,14.74,,,,,,1.34,1.5,,,,,,,17.56,18.01,17.44,17.12,0.0,0.91,1.02,1.34,1.5,,,,,0.0,0.0
2000-12-01,17.05,17.41,17.11,17.12,0.0,0.82,0.93,,,6.78,,,15.3,14.63,,,,,,1.04,1.12,,,,,,,17.05,17.41,17.11,17.12,0.0,0.82,0.93,1.04,1.12,,,,,0.0,6.78
2001-01-01,17.89,18.5,17.57,17.89,0.0,1.1,1.16,,,7.47,,,,16.2,,,,,,1.07,1.15,,,,,,,17.89,18.5,17.57,17.89,0.0,1.1,1.16,1.07,1.15,,,,,0.0,7.47
2001-02-01,17.34,18.07,18.05,18.05,0.0,0.92,1.06,,,,,,15.95,15.57,,,,,,0.97,1.04,,,,,,,17.34,18.07,18.05,18.05,0.0,0.92,1.06,0.97,1.04,,,,,0.0,0.0
2001-03-01,15.8,16.47,16.96,16.68,0.0,0.79,0.92,,,7.68,,,15.29,14.48,,,,,,0.9,0.95,,,,,,,15.8,16.47,16.96,16.68,0.0,0.79,0.92,0.9,0.95,,,,,0.0,7.68
2001-04-01,14.96,15.4,15.91,15.52,0.0,0.61,0.72,,,7.26,,,14.07,13.67,,,,,,0.71,0.72,,,,,,,14.96,15.4,15.91,15.52,0.0,0.61,0.72,0.71,0.72,,,,,0.0,7.26
2001-05-01,11.95,12.61,13.55,14.24,0.0,0.53,0.52,,,6.34,,,12.5,13.2,,,,,,0.6,0.63,,,,,,,11.95,12.61,13.55,14.24,0.0,0.53,0.52,0.6,0.63,,,,,0.0,6.34
2001-06-01,9.43,10.27,11.04,11.99,0.0,0.5,0.42,,,,,,12.01,12.62,,,,,,0.57,0.62,,,,,,,9.43,10.27,11.04,11.99,0.0,0.5,0.42,0.57,0.62,,,,,0.0,0.0
2001-07-01,9.39,10.25,11.57,12.82,,0.72,0.57,,,6.05,,,13.25,12.07,,10.9,,,,0.72,0.73,,,,,,,9.39,10.25,11.57,12.82,,0.72,0.57,0.72,0.73,,,,,,6.05
2001-08-01,7.51,8.54,9.64,11.49,,0.62,0.46,,,6.25,,,12.39,12.08,,,,,,0.66,0.74,,,,,,,7.51,8.54,9.64,11.49,,0.62,0.46,0.66,0.74,,,,,,6.25
2001-09-01,9.32,10.88,11.76,12.49,,0.91,0.7,,,6.56,,,,13.03,,,,,,0.93,1.13,,,,,,,9.32,10.88,11.76,12.49,,0.91,0.7,0.93,1.13,,,,,,6.56
2001-10-01,8.36,9.68,11.46,12.84,,0.73,0.55,,,,,,12.59,11.19,,11.09,,,,0.87,1.03,,,,,,,8.36,9.68,11.46,12.84,,0.73,0.55,0.87,1.05,,,,,,
2001-11-01,7.43,8.69,10.36,11.43,,0.8,0.48,,,6.26,,,12.28,11.31,,,,,,0.98,1.14,,,,,,,7.43,8.69,10.36,11.43,,0.79,0.48,0.97,1.14,,,,,,6.26
2001-12-01,6.29,7.53,9.31,10.08,,0.64,0.47,,,5.78,,,11.02,10.3,,10.28,,,,0.82,0.96,,,,,,,6.29,7.53,9.31,10.08,,0.64,0.47,0.82,0.96,,,,,,5.78
2002-01-01,6.97,7.35,8.31,9.1,,0.54,0.32,,,5.29,,,10.29,9.75,,9.98,,,,0.84,0.97,,,,,,,6.97,7.35,8.31,9.1,,0.55,0.32,0.84,0.97,,,,,,5.29
2002-02-01,7.91,8.17,8.67,9.11,,0.47,0.3,,,,,,9.55,9.63,,9.93,,,,0.84,0.96,,,,,,,7.91,8.17,8.67,9.11,,0.47,0.3,0.84,0.96,,,,,,
2002-03-01,7.23,7.31,7.73,8.02,,0.42,0.29,,,5.11,,,9.23,9.62,,9.72,,,,0.75,0.86,,,,,,,7.23,7.31,7.73,8.02,,0.42,0.29,0.75,0.86,,,,,,5.11
2002-04-01,5.76,6.16,6.85,7.34,,0.42,0.25,,,4.89,,,8.35,9.48,,9.85,,,,0.69,0.81,,,,,,,5.76,6.4,6.85,7.34,,0.42,0.25,0.69,0.81,,,,,,4.89
2002-05-01,6.61,6.69,7.14,7.73,,0.43,0.38,,,,,,8.63,9.58,,9.2,,,,0.71,0.83,,,,,,,6.61,6.69,7.14,7.73,,0.43,0.38,0.71,0.83,,,,,,
2002-06-01,7.3,7.49,8.33,8.12,,0.38,0.42,,,5.32,,,8.72,9.5,,9.95,,,,0.71,0.82,,,,,,,7.3,7.49,8.33,8.12,,0.38,0.42,0.71,0.82,,,,,,5.32
2002-07-01,7.38,7.88,8.3,8.79,,,0.4,,,5.92,,,9.74,9.95,9.9,10.17,,,,0.72,,,0.68,,,,,7.38,7.88,8.3,8.79,,,0.4,0.72,,0.68,,,,,5.92
2002-08-01,6.68,7.07,7.8,8.56,,,0.4,,,5.8,,,9.56,9.84,9.93,10.23,,,,0.72,,,0.79,,,,,6.68,7.07,7.8,8.56,,,0.4,0.72,,0.79,,,,,5.8
2002-09-01,7.34,7.82,7.87,8.51,,,0.43,,,,,,9.48,10.94,9.81,10.22,,,,0.72,,,0.89,,,,,7.34,7.82,7.87,8.51,,,0.43,0.72,,0.9,,,,,
2002-10-01,7.66,8.23,9.05,9.67,,,0.55,,,6.06,,,10.85,10.46,11.08,11.17,,,,0.69,,,0.92,,,,,7.66,8.23,9.05,9.67,,,0.55,0.69,,0.92,,,,,6.06
2002-11-01,7.3,7.83,8.71,9.17,,,0.52,,,5.75,,,10.27,10.23,10.67,10.96,,,,0.68,,,0.89,,,,,7.3,7.83,8.71,9.17,,,0.52,0.68,,0.89,,,,,5.75
2002-12-01,6.88,7.27,8.14,8.41,,,0.48,,,,,,9.47,9.1,9.77,10.12,,,,0.68,,,0.85,,,,,6.88,7.27,8.14,8.41,,,0.48,0.68,,0.85,,,,,
2003-01-01,8.27,8.69,9.18,9.84,,,0.52,,,5.5,,,9.62,9.81,9.95,10.12,,,,0.7,,,0.9,,,,,8.27,8.69,9.18,9.84,,,0.52,0.7,,0.9,,,,,5.5
2003-02-01,9.04,8.86,9.04,9.19,,,0.48,,,5.44,,,9.8,9.55,10.25,10.09,,,,0.68,,,0.87,,,,,9.04,8.86,9.04,9.19,,,0.48,0.68,,0.87,,,,,5.44
2003-03-01,9.17,9.12,9.23,9.12,,,0.46,,,5.13,,,9.3,9.7,9.69,10.58,,,,0.67,,,0.83,,,,,9.17,9.12,9.23,9.12,,,0.46,0.67,,0.83,,,,,5.13
2003-04-01,7.86,8.0,8.1,8.33,,,0.39,,,,,,8.64,9.13,9.45,9.53,,,,0.58,,,0.67,,,,,7.86,8.0,8.1,8.33,,,0.39,0.58,,0.67,,,,,
2003-05-01,5.25,5.75,6.21,6.6,,,0.33,,,4.71,,,7.3,8.15,8.63,8.49,,,,0.59,,,0.63,,,,,5.25,5.75,6.21,6.6,,,0.33,0.59,,0.63,,,,,4.71
2003-06-01,5.2,5.37,6.03,6.51,,,0.36,,,4.19,,,6.85,7.35,7.87,8.07,,,,0.6,,,0.66,,,,,5.2,5.37,6.03,6.51,,,0.36,0.6,,0.66,,,,,4.19
2003-07-01,4.57,5.27,5.96,6.59,,,0.45,,,4.34,,,7.67,7.55,8.82,8.74,,,,0.61,,,0.69,,,,,4.57,5.27,5.96,6.59,,,0.45,0.61,,0.69,,,,,4.34
2003-08-01,4.45,5.11,5.9,6.63,,,0.49,,,,,,7.06,7.51,8.57,8.88,,,,0.62,,,0.71,,,,,4.45,5.11,5.9,6.63,,,0.49,0.62,,0.71,,,,,
2003-09-01,4.73,5.2,5.78,6.31,,,0.48,,,4.08,,,6.78,7.16,7.99,8.37,,,,0.57,,,0.61,,,,,4.73,5.2,5.78,6.31,,,0.48,0.57,,0.61,,,,,4.08
2003-10-01,5.11,5.38,5.59,5.92,,,0.35,,,3.89,,,7.05,7.32,8.18,8.24,8.39,,,0.55,,,0.58,,,,,5.11,5.38,5.59,5.92,,,0.35,0.55,,0.58,,,,,3.89
2003-11-01,4.99,5.23,5.74,6.42,,,0.38,,,,,,6.5,7.25,7.77,8.35,,,,0.53,,,0.54,,,,,4.99,5.23,5.74,6.42,,,0.38,0.53,,0.54,,,,,
2003-12-01,6.06,6.18,6.34,6.95,,,0.4,,,4.0,,,7.39,7.72,8.44,8.32,,,,0.51,,,0.54,,,,,6.06,6.18,6.34,6.95,,,0.4,0.51,,0.54,,,,,4.0
2004-01-01,4.95,5.11,5.49,5.76,,,0.37,,,3.99,,,6.6,7.39,7.96,8.32,8.79,,,0.45,,,0.51,,,,,4.95,5.11,5.49,5.76,,,0.37,0.45,,0.51,,,,,3.99
2004-02-01,5.57,5.63,5.85,6.26,,,0.37,,,4.07,,,7.19,7.74,8.26,8.38,,,,0.45,,,0.53,,,,,5.57,5.63,5.85,6.26,,,0.37,0.45,,0.53,,,,,4.07
2004-03-01,6.28,6.21,6.3,6.66,,,0.37,,,,,,7.04,7.59,8.3,8.6,9.32,,,0.41,,,0.5,,,,,6.28,6.21,6.3,6.66,,,0.37,0.41,,0.5,,,,,
2004-04-01,5.98,5.96,6.14,6.18,,,0.27,,,4.21,,,7.12,7.74,8.48,8.92,9.67,,,0.38,,,0.46,,,,,5.98,5.96,6.14,6.18,,,0.27,0.38,,0.49,,,,,4.21
2004-05-01,6.59,7.08,7.34,8.08,,,0.25,,,5.12,,,8.46,8.94,9.6,10.1,10.97,,,0.37,,,0.39,,,,,6.59,7.08,7.34,8.08,,,0.25,0.37,,0.39,,,,,5.12
2004-06-01,6.57,7.26,7.72,8.23,,,0.22,,,,,,9.2,9.27,10.22,10.3,11.35,,,0.38,,,0.37,,0.39,,,6.57,7.26,7.72,8.23,,,0.22,0.38,,0.37,,,,,
2004-07-01,6.81,7.3,7.85,8.25,,,0.2,,,5.59,,,8.51,9.86,9.51,9.78,10.99,,,0.38,,,0.37,,0.41,,,6.81,7.3,7.85,8.25,,,0.2,0.38,,0.37,,,,,5.59
2004-08-01,7.21,7.5,7.94,8.55,,,0.22,,,5.29,,,9.0,9.54,9.92,10.03,11.24,,,0.39,,,0.37,,0.4,,,7.21,7.5,7.94,8.55,,,0.22,0.39,,0.37,,,,,5.29
2004-09-01,7.36,7.75,8.02,8.56,,,0.21,,,5.0,,,9.05,9.38,10.14,10.27,10.79,,,0.38,,,0.37,,0.39,,,7.36,7.75,8.02,8.56,,,0.21,0.38,,0.37,,,,,5.0
2004-10-01,7.76,8.11,8.34,8.7,,,0.19,,,4.74,,,8.98,8.92,9.74,9.69,10.53,,,0.34,,,0.35,,0.39,,,7.76,8.11,8.34,8.7,,,0.19,0.34,,0.35,,,,,4.74
2004-11-01,8.2,8.58,8.81,9.08,,,0.17,,,4.96,,,8.92,9.36,9.75,10.35,11.03,,,0.33,,,0.32,,0.36,,,8.2,8.58,8.81,9.08,,,0.17,0.33,,0.32,,,,,4.96
2004-12-01,8.5,8.72,8.7,8.61,,,0.16,,,4.88,,,8.91,9.25,9.68,9.72,10.25,,,0.31,,,0.3,,0.29,,,8.5,8.72,8.7,8.61,,,0.16,0.31,,0.3,,,,,4.88
2005-01-01,8.6,8.74,8.62,8.61,,,0.16,,,5.16,,,8.8,9.17,9.22,10.02,10.1,,,0.27,,,0.26,,0.26,,,8.6,8.74,8.62,8.61,,,0.16,0.27,,0.26,,,,,5.16
2005-02-01,9.15,9.31,9.28,9.24,,,0.16,,,5.07,,,9.4,9.35,9.86,9.62,10.02,,,0.22,,,0.23,,0.24,,,9.15,9.31,9.28,9.24,,,0.16,0.22,,0.23,,,,,5.07
2005-03-01,9.41,9.74,9.78,9.88,,,0.16,,,5.08,,,9.73,9.6,9.98,10.26,10.52,,,0.23,,,0.22,,0.24,,,9.41,9.74,9.78,9.88,,,0.16,0.23,,0.22,,,,,5.08
2005-04-01,9.63,10.0,10.14,10.3,,,0.16,,,5.99,,,10.09,10.5,10.51,10.41,11.18,,,0.22,,,0.22,,0.23,,,9.63,10.0,10.14,10.3,,,0.16,0.22,,0.22,,,,,5.99
2005-05-01,9.75,9.92,10.03,10.18,,,0.15,,,5.67,,,9.83,10.31,10.03,9.84,10.87,,,0.24,,,0.22,,0.23,,,9.75,9.92,10.03,10.18,,,0.15,0.24,,0.22,,,,,5.67
2005-06-01,9.63,9.76,9.74,9.71,,,0.14,,,5.03,,,9.29,9.33,9.46,9.56,9.88,,,0.22,,,0.2,,0.2,,,9.63,9.76,9.74,9.71,,,0.14,0.22,,0.2,,,,,5.03
2005-07-01,9.61,9.74,9.68,9.59,,,0.15,,,4.9,,,9.1,9.28,9.1,9.37,9.82,,,0.21,,,0.17,,0.17,,,9.61,9.74,9.68,9.59,,,0.15,0.21,,0.17,,,,,4.9
2005-08-01,9.6,9.69,9.61,9.63,,,0.14,,,4.75,,,9.36,9.19,9.45,9.4,9.7,,,0.23,,,0.18,,0.18,,,9.6,9.69,9.61,9.63,,,0.14,0.23,,0.18,,,,,4.75
2005-09-01,9.21,9.14,8.91,8.94,,,0.15,,,4.18,,,8.78,8.32,8.7,8.5,9.02,,,0.23,,,0.17,,0.09,,,9.21,9.14,8.91,8.94,,,0.15,0.23,,0.17,,,,,4.18
2005-10-01,8.91,8.95,8.87,8.81,,,0.16,,,4.4,,,8.54,8.4,8.65,8.85,9.08,,,0.24,,,0.2,,0.22,,,8.91,8.95,8.87,8.81,,,0.16,0.24,,0.2,,,,,4.4
2005-11-01,8.71,8.76,8.74,8.55,,,0.16,,,4.51,,,8.41,8.36,8.85,8.73,8.94,,,0.22,,,0.21,,0.2,,,8.71,8.76,8.74,8.55,,,0.16,0.22,,0.21,,,,,4.51
2005-12-01,8.22,8.2,8.17,7.92,,,0.17,,,4.3,,,8.01,7.88,8.28,8.45,8.55,,,0.2,,,0.21,,0.18,,,8.22,8.2,8.17,7.92,,,0.17,0.2,,0.21,,,,,4.3
2006-01-01,7.88,7.8,7.7,7.7,,,,,,4.09,4.25,4.4,7.45,7.86,7.85,8.25,8.44,,,0.22,,,0.22,,0.22,,,7.88,7.8,7.7,7.7,,,,0.22,,0.22,,,,,4.09
2006-02-01,7.61,7.57,7.56,7.52,,,,,,4.09,4.19,4.24,7.62,7.81,7.9,8.21,8.37,,,0.19,,,0.22,,0.22,,,7.61,7.57,7.56,7.52,,,,0.19,,0.22,,,,,4.09
2006-03-01,7.37,7.38,7.49,7.57,,,,,,4.06,4.2,4.28,7.64,7.87,8.2,8.25,8.43,,,0.18,,,0.22,,0.24,,,7.37,7.38,7.49,7.57,,,,0.18,,0.22,,,,,4.06
2006-04-01,7.17,7.28,7.46,7.71,,,,,,4.25,4.65,4.68,8.23,8.0,8.65,8.57,9.19,,,0.19,,,0.21,,0.23,,,7.17,7.28,7.46,7.71,,,,0.19,,0.21,,,,,4.25
2006-05-01,7.02,7.12,7.29,7.44,,,,,,4.4,4.72,4.74,7.84,8.07,8.45,8.81,8.68,,,0.2,,,0.2,,0.22,,,7.02,7.12,7.29,7.44,,,,0.2,,0.2,,,,,4.4
2006-06-01,7.02,7.33,7.56,7.56,,,,,,5.0,5.13,5.19,8.5,8.47,9.35,9.73,9.49,,,0.25,,,0.2,,0.23,,,7.02,7.33,7.56,7.56,,,,0.25,,0.2,,,,,5.0
2006-07-01,7.03,7.18,7.35,7.51,,,,,,4.47,4.69,4.85,7.94,7.91,8.35,8.69,8.84,,,0.22,,,0.19,,0.22,,,7.03,7.18,7.35,7.51,,,,0.22,,0.19,,,,,4.47
2006-08-01,7.03,7.17,7.31,7.48,,,,,,4.04,4.33,4.39,7.64,7.87,7.93,8.08,8.65,,,0.2,,,0.19,,0.19,,,7.03,7.17,7.31,7.48,,,,0.2,,0.19,,,,,4.04
2006-09-01,7.06,7.18,7.35,7.53,,,,,,4.0,4.08,4.1,7.48,7.79,8.01,8.23,8.47,,,0.19,,,0.19,,0.18,,,7.06,7.18,7.35,7.53,,,,0.19,,0.19,,,,,4.0
2006-10-01,7.05,7.21,7.42,7.5,,,,,,4.04,4.15,4.23,7.62,7.88,8.24,8.4,,8.08,,0.18,,,0.18,,0.18,,,7.05,7.21,7.42,7.5,,,,0.18,,0.18,,,,,4.04
2006-11-01,7.04,7.16,7.26,7.28,,,,,,3.95,3.99,4.04,7.39,7.5,7.88,7.88,7.95,,,0.17,,,0.17,,0.16,,,7.04,7.16,7.26,7.28,,,,0.17,,0.17,,,,,3.95
2006-12-01,7.04,7.16,7.2,7.27,,,,,,3.66,3.75,3.8,7.18,7.28,7.41,7.56,7.57,,,0.18,,,0.16,,0.16,,,7.03,7.15,7.2,7.27,,,,0.18,,0.16,,,,,3.66
2007-01-01,7.04,7.19,7.31,7.46,,,,,,3.54,3.58,3.67,7.7,7.52,,7.43,7.93,,,0.18,,,0.16,,0.16,,,7.04,7.19,7.31,7.46,,,,0.18,,0.16,,,,,3.54
2007-02-01,7.04,7.19,7.34,7.38,,,,,,3.8,3.81,3.9,7.47,7.7,,7.96,,7.71,,0.17,,,0.14,,0.16,,,7.04,7.19,7.34,7.38,,,,0.17,,0.14,,,,,3.8
2007-03-01,7.04,7.21,7.38,7.52,,,,,,3.71,3.7,3.69,7.52,7.69,,7.82,7.99,,,0.16,,,0.11,,0.14,,,7.04,7.21,7.38,7.52,,,,0.16,,0.11,,,,,3.71
2007-04-01,7.01,7.15,7.27,7.38,,,,,,3.52,3.42,3.42,7.44,7.45,,7.62,7.57,,,0.13,,,0.1,,0.13,,,7.0,7.15,7.27,7.38,,,,0.13,,0.1,,,,,3.52
2007-05-01,7.24,7.41,7.53,7.6,,,,,,3.57,3.48,3.45,7.56,7.64,,7.7,,7.73,,0.13,,,0.1,,0.14,,,7.24,7.41,7.53,7.6,,,,0.13,,0.1,,,,,3.57
2007-06-01,7.2,7.38,7.45,7.58,,,,,,3.58,3.43,3.42,7.59,7.73,,7.56,7.56,,,0.14,,,0.1,,0.13,,,7.2,7.38,7.45,7.58,,,,0.14,,0.1,,,,,3.58
2007-07-01,7.19,7.34,7.45,7.51,,,,,,3.43,3.48,3.47,7.54,7.65,,7.62,7.68,,,0.17,,,0.1,,0.12,,,7.19,7.34,7.45,7.51,,,,0.17,,0.1,,,,,3.43
2007-08-01,7.2,7.38,7.51,7.63,,,,,,3.65,3.5,3.5,7.59,7.81,,7.9,7.89,7.71,,0.17,,,0.11,,0.12,,,7.2,7.38,7.51,7.63,,,,0.17,,0.11,,,,,3.65
2007-09-01,7.21,7.36,7.53,7.7,,,,,,3.63,3.57,3.63,7.55,7.77,,7.88,,7.85,,0.13,,,0.11,,0.12,,,7.21,7.36,7.53,7.7,,,,0.13,,0.11,,,,,3.63
2007-10-01,7.2,7.43,7.56,7.65,,,,3.4,,3.73,3.6,3.72,7.64,7.76,,,7.86,7.9,,0.11,,,0.11,,0.11,,,7.2,7.43,7.56,7.65,,,,0.11,,0.11,,,3.4,,3.73
2007-11-01,7.44,7.6,7.7,7.88,,,,3.4,,3.71,3.7,3.72,7.75,7.86,,7.93,8.13,,,0.11,,,0.1,,0.12,,,7.44,7.6,7.7,7.88,,,,0.11,,0.1,,,3.4,,3.71
2007-12-01,7.44,7.6,7.71,7.85,,,,3.4,,3.7,3.65,3.68,7.81,7.84,,8.09,,8.09,,0.13,,,0.1,,0.12,,,7.44,7.6,7.71,7.85,,,,0.13,,0.1,,,3.4,,3.7
2008-01-01,7.42,7.58,7.68,7.82,,,,3.44,,3.8,3.75,3.88,7.52,7.99,,7.65,8.28,8.16,,0.14,,,0.09,,0.11,,,7.42,7.58,7.68,7.82,,,,0.14,,0.09,,,3.44,,3.8
2008-02-01,7.43,7.51,7.52,7.43,,,,3.39,,3.65,,3.63,7.33,7.44,,,7.65,7.75,,0.13,,,0.1,,0.1,,,7.43,7.51,7.52,7.43,,,,0.13,,0.1,,,3.39,,3.65
2008-03-01,7.43,7.47,7.48,7.5,,,,3.55,,3.52,,3.69,7.29,7.34,,7.53,7.61,,,0.11,,,0.1,,0.1,,,7.43,7.47,7.48,7.5,,,,0.11,,0.1,,,3.55,,3.52
2008-04-01,7.44,7.54,7.61,7.6,,,,3.44,,3.6,,3.62,7.46,7.62,,7.72,,7.67,,0.1,,,0.1,,0.1,,,7.44,7.54,7.61,7.6,,,,0.1,,0.1,,,3.44,,3.6
2008-05-01,7.44,7.59,7.75,7.85,,,,3.47,,3.81,,3.81,7.86,7.98,,,7.95,8.19,,0.12,,,0.12,,0.13,,,7.44,7.59,7.75,7.85,,,,0.12,,0.12,,,3.47,,3.81
2008-06-01,7.56,7.79,8.01,7.89,,,,3.55,,4.19,,4.05,8.14,8.74,,8.25,8.9,,,0.16,,,0.13,,0.15,,,7.56,7.79,8.01,7.89,,,,0.16,,0.13,,,3.55,,4.19
2008-07-01,7.93,8.21,8.45,8.65,,,,3.39,,4.22,,4.48,8.7,8.97,,9.26,8.89,9.41,,0.19,,,0.17,,0.15,,,7.93,8.21,8.45,8.65,,,,0.19,,0.17,,,3.39,,4.22
2008-08-01,8.18,8.35,8.56,8.72,,,,3.11,,3.94,,4.13,8.62,8.6,,8.55,,8.88,,0.18,,,0.19,,0.2,,,8.18,8.35,8.56,8.72,,,,0.18,,0.19,,,3.11,,3.94
2008-09-01,8.17,8.32,8.46,8.66,,,,3.03,,4.03,,4.21,8.34,8.48,,,8.51,8.67,,0.15,,,0.18,,0.17,,,8.17,8.32,8.46,8.66,,,,0.15,,0.18,,,3.03,,4.03
2008-10-01,7.74,8.13,8.26,8.37,,,,3.83,,4.35,,5.27,8.59,8.36,,8.5,10.2,,,0.3,,,0.3,,0.33,,,7.74,8.13,8.26,8.37,,,,0.3,,0.3,,,3.83,,4.35
2008-11-01,7.43,7.96,8.28,8.51,,,,4.1,,4.89,,5.39,8.65,9.07,,9.82,,8.8,,0.62,,,0.32,,0.34,,,7.43,7.96,8.28,8.51,,,,0.62,,0.32,,,4.1,,4.89
2008-12-01,8.02,8.2,8.18,8.07,,,,3.4,,4.44,,4.33,7.55,8.28,,7.99,8.96,8.4,,0.49,,,0.4,,0.44,,,8.02,8.2,8.18,8.07,,,,0.49,,0.4,,,3.4,,4.44
2009-01-01,7.59,7.66,7.4,7.24,,,,3.39,,3.8,,3.85,6.91,7.7,,,7.73,7.84,0.27,0.35,,,0.33,,0.31,,,7.59,7.66,7.41,7.24,,,,0.35,,0.33,,,3.39,,3.8
2009-02-01,7.12,7.32,7.17,7.16,,,,3.47,,4.35,,4.72,7.17,7.6,,8.24,9.23,,0.38,0.41,,,0.35,,0.32,,,7.12,7.32,7.17,7.16,,,,0.41,,0.35,,,3.47,,4.35
2009-03-01,7.03,7.22,7.24,7.48,,,,3.29,,4.74,,4.94,7.08,8.48,,7.75,,9.78,0.43,0.55,,,0.43,,0.42,,,7.03,7.22,7.24,7.48,,,,0.55,,0.43,,,3.29,,4.74
2009-04-01,6.05,5.99,5.97,6.13,,,,3.01,,3.76,,4.44,6.04,7.15,,,8.18,8.36,0.33,,,0.38,,0.43,,,,6.04,5.98,5.96,6.13,,,,,,,,,3.01,,3.76
2009-05-01,5.29,5.24,5.25,5.41,,,,2.6,,3.94,,4.32,6.18,6.78,,7.55,8.13,,0.26,,,0.31,,0.36,,,,5.29,5.24,5.25,5.41,,,,,,,,,2.6,,3.94
2009-06-01,4.98,5.03,5.08,5.2,,,,2.61,,4.16,,4.74,6.2,7.45,,8.22,,9.04,0.22,,,0.29,,0.31,,,,4.98,5.03,5.08,5.2,,,,,,,,,2.61,,4.16
2009-07-01,4.59,4.69,4.8,5.12,,,,2.32,,3.92,,4.75,6.16,6.81,,8.09,8.8,9.08,0.27,,,0.33,,0.35,,,,4.59,4.68,4.8,5.12,,,,,,,,,2.32,,3.92
2009-08-01,4.49,4.59,4.78,5.13,,,,2.38,,3.68,,4.45,6.46,7.33,,,8.66,9.02,0.28,,,0.34,,0.38,,,,4.49,4.59,4.78,5.13,,,,,,,,,2.38,,3.68
2009-09-01,4.48,4.6,4.86,5.36,,,,2.34,,3.66,,4.36,6.6,7.5,,8.0,8.64,,0.29,,,0.36,,0.37,,,,4.48,4.6,4.86,5.36,,,,,,,,,2.34,,3.66
2009-10-01,4.51,4.64,4.92,5.39,,,,1.96,,3.29,,4.04,6.57,7.39,,8.05,,8.56,0.29,,,0.41,,0.33,,,,4.51,4.64,4.92,5.39,,,,,,,,,1.96,,3.29
2009-11-01,4.51,4.61,4.82,5.23,,,,1.68,,3.44,,4.12,6.3,7.25,,,8.55,8.67,0.28,,,0.42,,0.32,,,,4.51,4.61,4.82,5.23,,,,,,,,,1.68,,3.44
2009-12-01,4.5,4.6,4.85,5.07,,,,1.34,,3.35,,4.06,6.4,7.45,,7.81,8.44,8.73,0.24,,,0.38,,0.34,,,,4.5,4.6,4.85,5.07,,,,,,,,,1.34,,3.35
2010-01-01,4.49,4.62,4.83,4.99,,,,1.4,,3.36,,,6.27,7.37,,,8.41,,0.22,0.24,,0.33,,0.39,,,,4.49,4.62,4.83,4.99,,,,0.24,,,,,1.4,,3.36
2010-02-01,4.49,4.64,4.74,5.0,,,,1.76,,3.29,,,6.1,7.05,,7.66,,8.49,0.19,0.24,,0.27,,0.37,,,,4.49,4.64,4.74,5.0,,,,0.24,,,,,1.76,,3.29
2010-03-01,4.45,4.64,4.77,5.08,,,,2.07,,3.31,,4.27,6.12,6.75,,,8.14,8.46,0.23,0.28,,0.26,,0.33,,,,4.45,4.64,4.77,5.08,,,,0.28,,,,,2.07,,3.31
2010-04-01,4.44,4.63,4.72,5.09,,,,1.96,,3.4,,4.13,5.85,6.63,,7.54,7.99,,0.25,0.29,,0.27,0.28,0.37,0.37,,,4.44,4.63,4.72,5.09,,,,0.29,,0.28,,,1.96,,3.4
2010-05-01,4.52,4.64,4.72,4.96,,,,2.24,,3.4,,4.05,5.73,6.2,,7.49,,8.2,0.26,0.3,,0.26,0.25,0.34,,,,4.52,4.64,4.72,4.96,,,,0.3,,0.25,,,2.24,,3.4
2010-06-01,4.59,4.66,4.72,4.86,,,,1.5,,2.87,,3.97,5.37,6.23,,,7.79,7.69,0.17,0.21,,0.2,,0.26,,,,4.59,4.66,4.72,4.86,,,,0.21,,,,,1.5,,2.87
2010-07-01,4.6,4.64,4.7,4.8,,,,1.38,,,,3.65,5.43,,,6.88,,,0.12,0.18,,0.17,0.18,0.2,0.19,,,4.6,4.64,4.7,4.77,,,,0.18,,0.18,,,1.38,,
2010-08-01,4.52,4.64,4.71,4.78,,,,1.21,,2.17,,2.99,5.38,,,6.49,6.69,,0.15,0.18,,,0.16,,0.15,,,4.52,4.64,4.71,4.77,,,,0.18,,0.16,,,1.21,,2.17
2010-09-01,4.43,4.61,4.65,4.74,,,,1.05,,2.2,,3.26,5.23,,,6.25,,7.23,0.17,0.22,,,0.16,,0.17,,,4.43,4.61,4.65,4.74,,,,0.22,,0.16,,,1.05,,2.2
2010-10-01,4.03,4.39,4.55,4.66,,,,0.77,,1.97,,2.93,5.04,5.53,,,6.71,7.03,0.32,0.37,,,0.22,,0.2,,,4.03,4.39,4.55,4.65,,,,0.37,,0.22,,,0.77,,1.97
2010-11-01,3.97,4.25,4.37,4.52,,,,0.97,,2.02,,3.49,5.15,5.28,,6.13,7.29,,0.3,0.36,,,0.26,,0.23,,,3.97,4.25,4.37,4.52,,,,0.36,,0.26,,,0.97,,2.02
2010-12-01,4.3,4.53,4.68,4.86,,,,1.27,,2.71,,3.9,5.44,6.11,,7.16,7.74,7.84,0.25,0.3,,,0.23,,0.21,,,4.3,4.53,4.68,4.85,,,,0.3,,0.23,,,1.27,,2.71
2011-01-01,4.14,4.44,4.55,4.76,,,,1.86,,,,3.99,5.89,6.27,,,,8.18,,0.37,,,0.27,,0.29,,,4.14,4.44,4.55,4.76,,,,0.37,,0.27,,,1.86,,
2011-02-01,4.04,4.29,4.58,4.82,,,,2.16,,,,4.18,5.87,6.4,,,8.18,8.31,,0.42,,,0.3,,0.34,,,4.04,4.29,4.58,4.81,,,,0.42,,0.3,,,2.16,,
2011-03-01,4.27,4.32,4.57,4.75,,,,2.11,,,,4.33,5.9,6.73,,,8.3,,,0.39,,,0.29,,0.34,,,4.27,4.32,4.57,4.75,,,,0.39,,0.29,,,2.11,,
2011-04-01,4.28,4.39,4.61,4.93,,,,2.17,,3.16,,4.26,5.87,6.45,,7.28,,8.5,,0.32,,,0.29,,0.32,,,4.28,4.39,4.61,4.92,,,,0.32,,0.29,,,2.17,,3.16
2011-05-01,4.31,4.45,4.6,4.84,,,,1.94,,3.1,,3.84,5.65,6.18,,,7.8,8.07,,0.3,,,0.24,,0.28,,,4.31,4.45,4.6,4.84,,,,0.3,,0.24,,,1.94,,3.1
2011-06-01,4.37,4.39,4.52,4.72,,,,1.67,,2.85,,3.81,5.51,5.94,,6.92,7.71,7.98,,0.23,,,0.24,,0.25,,,4.37,4.39,4.52,4.72,,,,0.23,,0.24,,,1.67,,2.85
2011-07-01,4.14,4.27,4.49,4.65,,,,1.26,,2.55,,3.76,5.59,,,6.9,,,,0.27,,,0.27,,0.21,,,4.14,4.27,4.49,4.64,,,,0.27,,0.27,,,1.26,,2.55
2011-08-01,4.05,4.22,4.42,4.52,,,,0.58,,2.04,,3.17,5.08,,,5.78,,7.68,,0.31,,,0.28,,0.15,,,4.05,4.22,4.42,4.52,,,,0.31,,0.28,,,0.58,,2.04
2011-09-01,4.23,4.28,4.37,4.46,,,,0.85,,2.45,,3.95,4.74,,,,,7.93,,0.28,,,0.25,,0.15,,,4.23,4.28,4.37,4.45,,,,0.28,,0.25,,,0.85,,2.45
2011-10-01,4.36,4.37,4.43,4.4,,,,0.68,,2.5,,3.8,4.66,5.11,,6.85,7.48,,,0.27,,,0.27,,0.2,,,4.36,4.37,4.43,4.4,,,,0.27,,0.27,,,0.68,,2.5
2011-11-01,4.35,4.37,4.43,4.47,,,,1.03,,2.22,,3.94,4.84,4.98,,6.38,,7.56,,0.27,,,0.31,,0.18,,,4.35,4.37,4.43,4.46,,,,0.27,,0.31,,,1.03,,2.22
2011-12-01,4.34,4.44,4.52,4.57,,,,1.38,,2.46,,3.9,5.0,5.3,,6.46,7.6,7.76,,0.29,,,0.35,,0.22,,,4.34,4.44,4.52,4.57,,,,0.29,,0.35,,,1.38,,2.46
2012-01-01,4.27,4.46,4.55,4.71,,,,1.69,,2.58,,3.79,5.01,5.46,,,7.41,7.47,,0.38,,,0.38,,0.24,,,4.28,4.46,4.55,4.7,,,,0.38,,0.38,,,1.69,,2.58
2012-02-01,4.32,4.39,4.48,4.6,,,,1.31,,2.19,,3.73,4.92,5.0,,,7.24,,,0.36,,,0.33,,0.29,,,4.32,4.39,4.48,4.6,,,,0.36,,0.33,,,1.31,,2.19
2012-03-01,4.24,4.43,4.51,4.64,,,,1.6,,2.52,,3.78,4.99,5.29,,,,7.67,,0.39,,,0.37,,0.34,,,4.24,4.43,4.51,4.63,,,,0.39,,0.37,,,1.6,,2.52
2012-04-01,4.29,4.35,4.4,4.57,,,,1.69,,2.26,,3.68,4.89,5.04,,,7.16,,,,,,,,0.33,0.2,0.29,4.29,4.35,4.4,4.57,,,,,,,0.2,0.29,1.69,,2.26
2012-05-01,4.39,4.39,4.48,4.61,,,,1.3,,2.2,,3.58,4.96,5.07,,6.22,7.25,,,,,,,,0.35,0.2,0.26,4.39,4.39,4.48,4.6,,,,,,,0.2,0.26,1.3,,2.2
2012-06-01,4.34,4.46,4.53,4.61,,,,0.54,,1.62,,3.02,4.72,4.79,,5.94,6.61,,,,,,,,0.29,0.2,0.3,4.34,4.46,4.53,4.6,,,,,,,0.2,0.3,0.54,,1.62
2012-07-01,4.15,4.41,4.51,4.58,,,,0.5,,,,2.29,4.71,,,5.12,,6.22,,,,,,,0.19,0.22,0.29,4.16,4.4,4.51,4.58,,,,,,,0.22,0.29,0.5,,
2012-08-01,4.13,4.32,4.51,4.59,,,,0.47,,,,2.94,4.79,,,,6.22,6.78,,,,,,,0.16,0.23,0.31,4.13,4.32,4.51,4.58,,,,,,,0.23,0.31,0.47,,
2012-09-01,4.17,4.27,4.51,4.59,,,,0.41,,,,2.81,4.85,,,5.44,6.57,,,,,,,,0.18,0.28,0.36,4.13,4.32,4.51,4.59,,,,,,,0.28,0.36,0.41,,
2012-10-01,4.21,4.35,4.53,4.64,,,,0.54,,1.25,,2.45,4.95,4.93,,5.35,,6.49,,,,,,,0.16,0.31,0.37,4.21,4.35,4.53,4.63,,,,,,,0.31,0.37,0.54,,1.25
2012-11-01,4.29,4.46,4.64,4.76,,,,0.83,,1.6,,2.67,4.99,5.2,,5.52,6.34,6.52,,,,,,,0.23,0.34,0.38,4.29,4.46,4.64,4.76,,,,,,,0.34,0.38,0.83,,1.6
2012-12-01,4.05,4.21,4.47,4.62,,,,1.02,,1.49,,2.67,4.94,5.05,,,6.28,6.42,,,,,,,0.27,0.36,0.39,4.05,4.21,4.47,4.61,,,,,,,0.36,0.39,1.02,,1.49
2013-01-01,4.15,4.3,4.44,4.59,,,,1.4,,1.56,,2.63,4.87,4.9,,5.47,5.83,,,,,,,,0.34,0.28,0.31,4.15,4.3,4.44,4.59,,,,,,,0.28,0.31,1.4,,1.56
2013-02-01,4.19,4.19,4.25,4.32,,,,1.04,,1.56,,2.38,4.51,4.68,,5.03,,6.1,,,,,,,0.33,0.22,0.26,4.19,4.19,4.25,4.32,,,,,,,0.22,0.26,1.04,,1.56
2013-03-01,3.98,4.0,4.09,4.22,,,,1.15,,1.41,,2.4,4.44,4.63,,,5.69,5.88,,,,,,,0.23,0.2,0.23,3.98,4.0,4.09,4.22,,,,,,,0.2,0.23,1.15,,1.41
2013-04-01,3.82,3.89,3.97,4.11,,,,0.95,,1.1,,2.32,4.27,4.15,,5.0,5.37,,,,,,,,0.17,0.2,0.24,3.82,3.89,3.97,4.11,,,,,,,0.2,0.24,0.95,,1.1
2013-05-01,3.72,3.73,3.8,3.98,,,,0.73,,1.36,,2.33,4.0,4.14,,4.64,5.88,5.32,,,,,,,0.16,0.17,0.2,3.72,3.73,3.8,3.98,,,,,,,0.17,0.2,0.73,,1.36
2013-06-01,3.78,3.83,3.91,4.08,,,,0.9,,1.8,,3.54,4.35,4.7,,6.2,,6.71,,,,,,,0.19,0.21,0.23,3.78,3.83,3.91,4.08,,,,,,,0.21,0.23,0.9,,1.8
2013-07-01,3.85,3.89,3.98,4.01,,,,1.16,,2.0,,3.25,4.69,,,,6.62,6.75,,,,,,,0.22,0.22,0.25,3.85,3.89,3.98,4.01,,,,,,,0.22,0.25,1.16,,2.0
2013-08-01,3.84,3.89,3.95,4.0,,,,0.79,,2.15,,3.52,4.79,,,5.93,7.0,,,,,,,,0.2,0.21,0.25,3.84,3.89,3.95,4.0,,,,,,,0.21,0.25,0.79,,2.15
2013-09-01,3.64,3.68,3.75,3.71,,,,0.56,,2.34,,3.56,4.34,,,6.13,,7.67,,,,,,,0.16,0.22,0.25,3.64,3.68,3.75,3.71,,,,,,,0.22,0.25,0.56,,2.34
2013-10-01,3.39,3.47,3.55,3.53,,,,0.4,,2.11,,3.61,4.04,4.79,,5.97,6.94,7.3,,,,,,,0.14,0.25,0.29,3.39,3.47,3.55,3.53,,,,,,,0.25,0.29,0.4,,2.11
2013-11-01,3.39,3.48,3.56,3.6,,,,0.7,,2.35,,3.82,4.35,5.22,,,7.24,7.65,,,,,,,0.13,0.24,0.26,3.39,5.36,3.56,3.6,,,,,,,0.24,0.26,0.7,,2.35
2013-12-01,3.29,3.41,3.51,3.64,,,,0.75,,2.54,,3.81,4.38,5.12,,6.33,7.18,,,,,,,,0.11,0.24,0.27,3.29,3.41,3.51,3.64,,,,,,,0.24,0.27,0.75,,2.54
2014-01-01,3.14,3.41,3.55,3.66,,,,0.58,,2.62,,3.88,5.06,5.27,,6.46,,7.59,,,,,,,0.08,0.22,0.25,3.14,3.41,3.55,3.66,,,,,,,0.22,0.25,0.58,,2.62
2014-02-01,3.16,3.39,3.52,3.78,,,,0.99,,2.6,,4.03,4.86,5.09,,,7.44,7.43,,,,,,,0.01,0.22,0.25,3.16,3.39,3.52,3.78,,,,,,,0.22,0.25,0.99,,2.6
2014-03-01,3.17,3.29,3.46,3.68,,,,1.15,,2.61,,3.77,4.8,5.06,,6.32,6.89,,,,,,,,0.03,0.21,0.25,3.17,3.29,3.46,3.68,,,,,,,0.21,0.25,1.15,,2.61
2014-04-01,3.23,3.37,3.49,3.66,,,,1.29,,2.75,,3.69,4.72,5.07,,6.15,7.12,7.2,,,,,,,0.05,0.18,0.22,3.23,3.37,3.49,3.66,,,,,,,0.18,0.22,1.29,,2.75
2014-05-01,3.28,3.42,3.51,3.61,,,,1.03,,2.48,,3.35,4.7,4.8,,5.87,,6.94,,,,,,,0.11,0.19,0.22,3.28,3.42,3.51,3.61,,,,,,,0.19,0.22,1.03,,2.48
2014-06-01,3.02,3.08,3.17,3.1,,,,0.55,,2.38,,3.34,4.57,4.57,,,6.53,6.65,,,,,,,0.04,0.2,0.22,3.02,3.08,3.17,3.1,,,,,,,0.2,0.22,0.55,,2.38
2014-07-01,2.83,2.9,2.99,3.03,,,,0.68,,2.43,,3.31,4.42,4.53,,5.69,6.4,,,,,,,,-0.03,0.17,0.2,2.83,2.9,2.99,3.03,,,,,,,0.17,0.2,0.68,,2.43
2014-08-01,2.77,2.89,2.97,3.01,,,,0.75,,2.36,,3.25,4.57,4.57,,5.65,,6.86,,,,,,,-0.02,0.16,0.19,2.77,2.89,2.97,3.01,,,,,,,0.16,0.19,0.75,,2.36
2014-09-01,2.83,2.86,2.97,3.09,,,,0.77,,2.51,,3.47,4.81,4.74,,,6.5,6.88,,,,,,,-0.03,0.16,0.19,2.83,2.86,2.97,3.09,,,,,,,0.16,0.19,0.77,,2.51
2014-10-01,2.9,2.95,3.04,3.17,,,,0.88,,2.64,,3.37,4.64,4.88,,6.08,6.5,6.74,,,,,,,-0.08,0.19,0.22,2.9,2.95,3.04,3.17,,,,,,,0.19,0.22,0.88,,2.64
2014-11-01,2.85,2.92,3.01,3.17,,,,0.94,,2.68,,3.54,4.54,,,5.98,6.53,,,,,,,,-0.08,0.21,0.24,2.84,2.92,3.01,3.17,,,,,,,0.21,0.24,0.94,,2.68
2014-12-01,2.81,2.92,3.02,3.22,,,,1.45,,2.65,,3.64,4.92,5.12,,5.9,,6.92,,,,,,,-0.05,0.22,0.25,2.81,2.92,3.02,3.22,,,,,,,0.22,0.25,1.45,,2.65
2015-01-01,2.67,2.91,3.01,3.23,,,,1.84,,2.52,,3.24,4.69,4.58,,,6.37,6.0,,,,,,,-0.12,0.2,0.23,2.67,2.91,3.01,3.23,,,,,,,0.2,0.23,1.84,,2.52
2015-02-01,2.81,2.94,3.09,3.21,,,,2.0,,2.62,,3.1,4.93,5.05,,5.31,6.24,,,,,,,,-0.07,0.19,0.23,2.81,2.94,3.09,3.21,,,,,,,0.19,0.23,2.0,,2.62
2015-03-01,3.04,3.12,3.32,3.53,,,,2.4,,2.82,,3.35,5.26,5.15,,6.04,,6.42,,,,,,,0.04,0.2,0.23,3.04,3.12,3.32,3.53,,,,,,,0.2,0.23,2.4,,2.82
2015-04-01,2.97,3.09,3.24,3.5,,,,2.15,,2.86,,3.49,4.88,5.18,,5.83,6.43,6.38,,,,,,,0.11,0.22,0.23,2.97,3.09,3.24,3.5,,,,,,,0.22,0.23,2.15,,2.86
2015-05-01,2.98,3.09,3.2,3.51,,,,2.3,,2.88,,3.52,5.07,5.26,,,6.61,6.69,,,,,,,0.1,0.24,0.25,2.98,3.09,3.2,3.51,,,,,,,0.24,0.25,2.3,,2.88
2015-06-01,2.96,3.12,3.25,3.54,,,,2.0,,2.99,,3.51,5.01,5.33,,6.25,6.73,,,,,,,,0.04,0.22,0.24,2.96,3.12,3.25,3.54,,,,,,,0.22,0.24,2.0,,2.99
2015-07-01,2.99,3.13,3.28,3.63,,,,1.82,,2.91,,3.61,4.89,5.46,,6.07,,6.76,,,,,,,0.0,0.2,0.23,2.99,3.13,3.28,3.63,,,,,,,0.2,0.23,1.82,,2.91
2015-08-01,3.04,3.35,3.45,3.7,,,,2.02,,3.0,,3.57,5.01,5.59,,,6.56,6.68,,,,,,,-0.04,0.22,0.25,3.04,3.35,3.45,3.7,,,,,,,0.22,0.25,2.02,,3.0
2015-09-01,3.1,3.33,3.46,3.72,,,,1.74,,2.99,,3.6,4.8,5.67,,6.07,6.72,,,,,,,,-0.01,0.23,0.26,3.1,3.33,3.46,3.72,,,,,,,0.23,0.26,1.74,,2.99
2015-10-01,3.02,3.13,3.26,3.53,,,,1.56,,2.99,,3.64,4.6,5.37,,,6.56,6.9,,,,,,,-0.02,0.21,0.23,3.02,3.13,3.26,3.53,,,,,,,0.21,0.23,1.56,,2.99
2015-11-01,3.02,3.22,3.42,3.7,,,,1.94,,3.02,,3.68,4.83,5.46,,6.18,,6.89,,,,,,,-0.05,0.22,0.23,3.02,3.22,3.42,3.7,,,,,,,0.22,0.23,1.94,,3.02
2015-12-01,3.14,3.29,3.51,3.68,,,,2.62,,3.27,,3.89,4.8,5.64,,,6.81,6.9,,,,,,,-0.01,0.23,0.26,3.14,3.29,3.51,3.68,,,,,,,0.23,0.26,2.62,,3.27
2016-01-01,3.08,3.3,3.46,3.58,,,,2.59,,3.22,,3.94,5.11,5.53,,6.23,6.88,,,,,,,,0.02,0.23,0.26,3.08,3.3,3.46,3.58,,,,,,,0.23,0.26,2.59,,3.22
2016-02-01,3.36,3.53,3.66,3.53,,,,1.98,,3.2,,3.9,5.05,5.68,,6.07,,6.86,,,,,,,-0.07,0.21,0.24,3.36,3.53,3.66,3.53,,,,,,,0.21,0.24,1.98,,3.2
2016-03-01,3.8,3.91,4.03,4.11,,,,2.35,,3.02,,3.82,5.25,5.42,,6.03,6.73,6.99,,,,,,,-0.03,0.2,0.23,3.8,3.91,4.03,4.11,,,,,,,0.2,0.23,2.35,,3.02
2016-04-01,3.74,3.83,3.94,4.04,,,,2.09,,3.07,,3.69,5.06,5.28,,,6.46,6.55,,,,,,,0.04,0.19,0.21,3.74,3.83,3.94,4.04,,,,,,,0.19,0.21,2.09,,3.07
2016-05-01,3.81,3.94,4.0,4.47,,,,2.25,,3.13,,3.85,5.0,5.5,,5.91,6.8,,,,,,,,0.0,0.17,0.2,3.81,3.94,4.0,4.47,,,,,,,0.17,0.2,2.25,,3.13
2016-06-01,3.81,4.14,4.32,4.47,,,,2.15,,3.13,,3.7,5.27,5.64,,6.08,,6.85,,,,,,,-0.01,0.17,0.2,3.81,4.14,4.32,4.47,,,,,,,0.17,0.2,2.15,,3.13
2016-07-01,4.21,4.39,4.59,4.79,,,,1.91,,2.57,,3.3,5.41,5.59,,,6.41,6.37,,,,,,,-0.02,0.17,0.21,4.21,4.39,4.59,4.79,,,,,,,0.17,0.21,1.91,,2.57
2016-08-01,4.24,4.36,4.63,4.76,,,,2.04,,2.62,,3.3,5.34,5.6,,6.01,6.25,,,,,,,,-0.01,0.18,0.23,4.24,4.36,4.63,4.76,,,,,,,0.18,0.23,2.04,,2.62
2016-09-01,4.28,4.48,4.7,4.87,,,,2.24,,2.7,,3.36,5.63,5.52,,5.99,6.47,6.29,,,,,,,0.0,0.18,0.22,4.28,4.48,4.7,4.87,,,,,,,0.18,0.22,2.24,,2.7
2016-10-01,4.69,4.85,5.03,5.23,,,,2.22,,2.74,,3.46,5.5,5.82,,6.09,,6.55,,,,,,,0.0,0.18,0.23,4.69,4.85,5.03,5.23,,,,,,,0.18,0.23,2.22,,2.74
2016-11-01,5.15,5.47,5.57,5.31,,,,3.2,,3.08,,3.58,6.57,5.98,,,6.68,7.67,,,,,,,0.01,0.19,0.24,5.19,5.51,5.6,5.31,,,,,,,0.19,0.24,3.2,,3.08
2016-12-01,5.61,5.87,6.09,6.21,,,,2.58,,3.18,,3.79,6.45,7.14,,7.25,7.6,,,,,,,,0.01,0.21,0.23,5.61,5.87,6.09,6.21,,,,,,,0.21,0.23,2.58,,3.18
2017-01-01,5.83,6.25,6.54,6.68,,,,2.62,,3.02,,3.89,7.39,7.36,,7.6,,7.96,,,,,,,-0.11,0.19,0.23,5.83,6.25,6.54,6.68,,,,,,,0.19,0.23,2.62,,3.02
2017-02-01,6.06,6.37,6.64,6.94,,,,2.8,,3.28,,3.87,6.94,7.24,,,7.96,7.71,,,,,,,-0.3,0.15,0.23,6.06,6.37,6.64,6.94,,,,,,,0.15,0.23,2.8,,3.28
2017-03-01,6.32,6.56,6.74,6.92,,,,2.92,,3.42,,3.77,7.04,7.08,,7.4,7.73,7.52,,,,,,,-0.05,0.16,0.23,6.32,6.56,6.74,6.92,,,,,,,0.16,0.23,2.92,,3.42
2017-04-01,6.5,6.66,6.79,6.99,,,,3.23,,3.46,,3.86,6.97,6.95,,7.24,7.64,,,,,,,,0.17,0.17,0.21,6.5,6.66,6.79,6.99,,,,,,,0.17,0.21,3.23,,3.46
2017-05-01,6.56,6.82,6.97,7.25,,,,3.11,,3.36,,3.78,7.01,7.04,,7.32,,7.61,,,,,,,0.18,0.18,0.21,6.56,6.82,6.97,7.25,,,,,,,0.18,0.21,3.11,,3.36
2017-06-01,6.82,7.05,7.2,7.2,,,,3.17,,3.24,,3.49,6.97,7.05,,,7.25,7.17,,,,,,,0.16,0.15,0.19,6.82,7.05,7.2,7.2,,,,,,,0.15,0.19,3.17,,3.24
2017-07-01,6.99,7.08,7.17,7.25,,,,3.07,,3.31,,3.6,6.82,6.63,,6.88,7.13,,,,,,,,0.12,0.16,0.17,6.99,7.08,7.17,7.25,,,,,,,0.16,0.17,3.07,,3.31
2017-08-01,6.94,7.11,7.16,7.22,,,,3.09,,3.19,,3.58,6.72,6.77,,6.89,7.16,7.25,,,,,,,0.07,0.15,0.16,6.94,7.11,7.16,7.22,,,,,,,0.15,0.16,3.09,,3.19
2017-09-01,6.99,7.09,7.15,7.2,,,,3.0,,3.2,,3.56,6.72,6.78,,6.79,,7.19,,,,,,,0.12,0.15,0.17,6.99,7.09,7.15,7.2,,,,,,,0.15,0.17,3.0,,3.2
2017-10-01,7.03,7.09,7.19,7.18,,,,3.2,,3.23,,3.74,7.06,6.71,,,7.44,7.6,,,,,,,0.13,0.16,0.17,7.03,7.09,7.19,7.18,,,,,,,0.16,0.17,3.2,,3.23
2017-11-01,7.02,7.13,7.23,7.29,,,,3.36,,3.45,,3.74,7.05,7.1,,7.19,7.52,,,,,,,,0.14,0.16,0.17,7.02,7.13,7.23,7.29,,,,,,,0.16,0.17,3.36,,3.45
2017-12-01,7.17,7.31,7.41,7.33,,,,3.38,,3.68,,3.73,7.17,7.75,,7.53,,7.62,,,,,,,0.14,0.15,0.17,7.17,7.31,7.41,7.33,,,,,,,0.15,0.17,3.38,,3.68
2018-01-01,7.25,7.36,7.56,7.8,,,,3.5,,3.62,,3.74,7.54,7.46,,,7.71,7.86,,,,,,,0.13,0.13,0.16,7.24,7.36,7.56,7.8,,,,,,,0.13,0.16,3.5,,3.62
2018-02-01,7.4,7.56,7.74,7.7,,,,3.58,,3.78,,3.78,7.47,7.65,,7.64,7.9,,,,,,,,0.07,0.12,0.15,7.39,7.56,7.74,7.7,,,,,,,0.12,0.15,3.58,,3.78
2018-03-01,7.47,7.65,7.79,7.84,,,,3.79,,3.77,,3.94,7.47,7.44,,7.52,7.72,7.92,,,,,,,0.08,0.12,0.15,7.47,7.65,7.79,7.84,,,,,,,0.12,0.15,3.79,,3.77
2018-04-01,7.46,7.64,7.64,7.73,,,,3.72,,3.72,,3.88,7.19,7.21,,7.54,,7.53,,,,,,,0.09,0.13,0.14,7.46,7.64,7.64,7.73,,,,,,,0.13,0.14,3.72,,3.72
2018-05-01,7.51,7.74,7.8,7.94,,,,3.67,,3.75,,3.86,7.53,7.73,,,7.89,7.9,,,,,,,0.09,0.14,0.13,7.51,7.74,7.8,7.94,,,,,,,0.14,0.13,3.67,,3.75
2018-06-01,7.64,7.88,7.99,8.12,,,,3.77,,3.75,,3.8,7.79,7.92,,7.88,7.94,,,,,,,,0.09,0.17,0.14,7.64,7.88,7.99,8.12,,,,,,,0.17,0.14,3.77,,3.75
2018-07-01,7.73,7.9,8.06,8.19,,,,3.5,,3.51,,3.82,7.83,7.65,,7.75,,7.72,,,,,,,0.09,0.15,0.15,7.73,7.9,8.06,8.19,,,,,,,0.15,0.15,3.5,,3.51
2018-08-01,7.73,7.89,8.02,8.18,,,,3.64,,3.55,,3.75,7.83,7.59,,7.83,7.87,7.96,,,,,,,0.09,0.15,0.15,7.73,7.89,8.02,8.18,,,,,,,0.15,0.15,3.64,,3.55
2018-09-01,7.69,7.92,8.09,8.26,,,,3.78,,3.72,,3.85,7.96,8.0,,,8.15,8.18,,,,,,,0.1,0.17,0.17,7.69,7.92,8.09,8.26,,,,,,,0.17,0.17,3.78,,3.72
2018-10-01,7.69,7.89,8.05,8.23,,,,3.67,,3.72,,3.92,7.91,7.76,,8.17,8.5,,,,,,,,0.09,0.16,0.16,7.69,7.89,8.05,8.23,,,,,,,0.16,0.16,3.67,,3.72
2018-11-01,7.83,8.23,8.3,8.49,,,,4.23,,4.27,,4.17,8.68,8.8,,9.11,,8.81,,,,,,,0.11,0.18,0.17,7.83,8.23,8.3,8.49,,,,,,,0.18,0.17,4.23,,4.27
2018-12-01,8.02,8.29,8.55,8.7,,,,4.71,,4.14,,4.6,8.87,8.79,,,9.59,9.12,,,,,,,0.12,0.2,0.19,8.02,8.28,8.54,8.7,,,,,,,0.2,0.19,4.71,,4.14
2019-01-01,7.95,8.23,8.45,8.54,,,,4.3,,4.29,,4.27,8.56,8.44,,8.71,8.93,8.69,,,,,,,0.1,0.16,0.19,7.95,8.23,8.45,8.54,,,,,,,0.16,0.19,4.3,,4.29
2019-02-01,7.93,8.12,8.23,8.2,,,,4.18,,4.11,,4.38,8.17,8.1,,8.49,8.6,,,,,,,,0.1,0.13,0.19,7.93,8.12,8.22,8.2,,,,,,,0.13,0.19,4.18,,4.11
2019-03-01,8.02,8.09,8.18,8.07,,,,4.16,,4.0,,4.1,8.01,7.92,,8.01,,8.47,,,,,,,0.12,0.11,0.17,8.02,8.09,8.18,8.07,,,,,,,0.11,0.17,4.16,,4.0
2019-04-01,7.78,8.06,8.14,8.15,,,,4.04,,3.79,,4.04,7.87,7.89,,,8.37,8.57,,,,,,,0.11,0.1,0.14,7.78,8.06,8.14,8.15,,,,,,,0.1,0.14,4.04,,3.79
2019-05-01,8.07,8.22,8.25,8.31,,,,3.92,,3.84,,4.01,7.9,7.94,,8.24,8.46,,,,,,,,0.11,0.1,0.14,8.07,8.22,8.25,8.31,,,,,,,0.1,0.14,3.92,,3.84
2019-06-01,8.25,8.26,8.25,8.16,,,,3.5,,3.5,,3.62,7.57,7.57,,7.68,,8.36,,,,,,,0.12,0.09,0.14,8.26,8.27,8.26,8.16,,,,,,,0.09,0.14,3.5,,3.5
2019-07-01,8.14,8.16,8.18,8.06,,,,3.46,,3.41,,3.75,7.37,7.37,,,7.69,8.09,,,,,,,0.13,0.09,0.14,8.14,8.16,8.18,8.06,,,,,,,0.09,0.14,3.46,,3.41
2019-08-01,8.01,7.99,7.92,7.78,,,,3.49,,3.46,,3.58,7.12,7.33,,7.53,7.51,7.52,,,,,,,0.13,0.09,0.14,8.01,7.99,7.92,7.78,,,,,,,0.09,0.14,3.49,,3.46
2019-09-01,7.72,7.7,7.59,7.41,,,,3.63,,3.21,,3.53,7.01,6.84,,7.08,7.3,,,,,,,,0.15,0.09,0.1,7.72,7.69,7.59,7.41,,,,,,,0.09,0.1,3.63,,3.21
2019-10-01,7.66,7.58,7.48,7.18,,,,3.4,,3.23,,3.29,6.68,6.7,,6.87,,7.17,,,,,,,0.18,0.1,0.1,7.66,7.58,7.48,7.18,,,,,,,0.1,0.1,3.4,,3.23
2019-11-01,7.47,7.47,7.38,7.14,,,,3.4,,3.38,,3.36,6.62,6.99,,,7.17,7.32,,,,,,,0.19,0.1,0.1,7.47,7.47,7.38,7.14,,,,,,,0.1,0.1,3.4,,3.38
2019-12-01,7.12,7.31,7.3,7.18,,,,3.54,,3.4,,3.42,6.76,6.8,,7.14,7.11,,,,,,,,0.18,0.1,0.1,7.13,7.31,7.31,7.18,,,,,,,0.1,0.1,3.54,,3.4
2020-01-01,7.12,7.17,7.15,7.08,,,,3.56,,3.26,,3.39,6.8,6.77,,6.85,7.01,7.19,,,,,,,0.15,0.09,0.1,7.16,7.19,7.15,7.08,,,,,,,0.09,0.1,3.56,,3.26
2020-02-01,6.96,6.93,6.83,6.68,,,,3.21,,3.08,,3.21,6.55,6.47,,6.47,,6.88,,,,,,,0.16,0.08,0.1,6.96,6.93,6.83,6.68,,,,,,,0.08,0.1,3.21,,3.08
2020-03-01,6.81,6.83,6.73,6.61,,,,3.18,,,,3.93,6.15,7.5,,,7.0,8.7,,,,,,,0.23,0.1,0.13,6.82,6.86,6.73,6.61,,,,,,,0.1,0.13,3.18,,
2020-04-01,6.09,6.09,5.95,5.8,,,,3.7,,3.5,,3.63,5.81,6.1,,7.37,8.0,,,,,,,,0.32,0.22,0.22,6.09,6.08,5.94,5.8,,,,,,,0.22,0.22,3.7,,3.5
2020-05-01,5.47,5.39,5.2,5.03,,,,2.29,,2.75,,3.17,5.18,5.08,,6.06,,7.51,,,,,,,0.35,0.22,0.21,5.43,5.39,5.2,5.03,,,,,,,0.22,0.21,2.29,,2.75
2020-06-01,5.06,5.06,5.0,4.91,,,,1.85,,2.43,,3.14,4.75,5.33,,,6.9,7.11,,,,,,,0.31,0.24,0.23,5.1,5.07,5.02,4.91,,,,,,,0.24,0.23,1.85,,2.43
2020-07-01,4.82,4.71,4.65,4.61,,,,1.33,,2.23,,3.08,4.63,4.82,,5.81,6.42,6.83,,,,,,,0.31,0.21,0.22,4.82,4.71,4.64,4.61,,,,,,,0.21,0.22,1.33,,2.23
2020-08-01,4.49,4.49,4.51,4.48,,,,1.07,,2.24,,2.95,4.67,4.85,,5.77,6.66,,,,,,,,0.28,0.18,0.19,4.49,4.5,4.51,4.48,,,,,,,0.18,0.19,1.07,,2.24
2020-09-01,4.38,4.41,4.43,4.45,,,,1.11,,2.01,,3.06,4.56,4.87,,5.68,,6.98,,,,,,,0.24,0.16,0.19,4.38,4.4,4.43,4.45,,,,,,,0.16,0.19,1.11,,2.01
2020-10-01,4.2,4.27,4.31,4.37,,,,1.0,,2.14,,3.21,4.48,5.24,,,7.02,7.15,,,,,,,0.23,0.19,0.23,4.2,4.27,4.31,4.37,,,,,,,0.19,0.23,1.0,,2.14
2020-11-01,4.23,4.29,4.34,4.36,,,,1.15,,2.25,,3.19,4.61,5.06,,6.07,6.85,,,,,,,,0.19,0.21,0.25,4.23,4.29,4.34,4.36,,,,,,,0.21,0.25,1.15,,2.25
2020-12-01,4.27,4.3,4.32,4.32,,,,1.2,,1.93,,3.01,4.4,4.73,,5.67,6.26,6.86,,,,,,,0.21,0.2,0.23,4.28,4.3,4.32,4.32,,,,,,,0.2,0.23,1.2,,1.93
2021-01-01,4.22,4.22,4.2,4.22,,,,1.04,,1.61,,,4.31,4.75,,5.61,,6.77,,,,,,,0.23,0.19,0.21,4.22,4.22,4.2,4.22,,,,,,,0.19,0.21,1.04,,1.61
2021-02-01,4.12,4.12,4.13,4.15,,,,0.8,,1.82,,2.75,4.12,4.85,,,6.45,,,,,,,,0.13,0.17,0.19,4.12,4.12,4.13,4.15,,,,,,,0.17,0.19,0.8,,1.82
2021-03-01,4.05,4.05,4.16,4.34,,,,0.94,,2.6,,3.21,4.19,5.5,,6.25,7.35,,,,,,,,0.08,0.17,0.2,4.05,4.05,4.16,4.34,,,,,,,0.17,0.2,0.94,,2.6
2021-04-01,4.07,4.13,4.34,4.64,,,,,,2.85,3.12,3.57,5.5,5.75,,6.68,,7.75,,,,,,,0.18,0.19,0.22,4.07,4.13,4.34,4.64,,,,,,,0.19,0.22,,,2.85
2021-05-01,4.06,4.16,4.43,4.78,,,,1.44,,2.9,3.12,3.53,5.76,6.02,,,7.69,7.75,,,,,,,0.17,0.19,0.22,4.06,4.16,4.43,4.78,,,,,,,0.19,0.22,1.44,,2.9
2021-06-01,4.02,4.12,4.43,4.8,,,,1.32,,2.68,2.74,3.41,6.0,5.94,,6.54,7.37,,,,,,,,0.17,0.19,0.22,4.02,4.12,4.43,4.8,,,,,,,0.19,0.22,1.32,,2.68
2021-07-01,4.32,4.61,5.01,5.46,,,,1.73,,2.84,2.96,3.51,6.17,6.51,,6.9,7.67,7.45,,,,,,,0.18,0.19,0.23,4.31,4.62,5.01,5.46,,,,,,,0.19,0.23,1.73,,2.84
2021-08-01,4.46,4.84,5.12,5.47,,,,1.7,,2.72,3.07,3.45,6.19,6.46,,6.98,,7.79,,,,,,,0.2,0.19,0.24,4.46,4.84,5.12,5.47,,,,,,,0.19,0.24,1.7,,2.72
2021-09-01,4.55,4.88,5.19,5.51,,,,1.74,,2.87,3.19,3.43,6.22,6.81,,,7.52,7.78,,,,,,,0.19,0.19,0.22,4.55,4.88,5.19,5.51,,,,,,,0.19,0.22,1.74,,2.87
2021-10-01,4.84,5.28,5.67,6.23,,,,2.0,,2.92,3.25,3.39,6.68,7.43,,7.61,7.84,,,,,,,,0.17,0.18,0.21,4.84,5.28,5.67,6.23,,,,,,,0.18,0.21,2.0,,2.92
2021-11-01,5.05,5.46,5.91,6.48,,,,2.4,,3.19,3.07,3.4,7.05,7.6,,7.54,,7.98,,,,,,,0.13,0.18,0.2,5.05,5.46,5.91,6.48,,,,,,,0.18,0.2,2.4,,3.19
2021-12-01,5.29,5.64,5.99,6.68,,,,2.24,,3.12,3.28,3.48,7.19,7.34,,7.57,7.96,7.93,,,,,,,0.01,0.17,0.18,5.33,5.63,5.99,6.68,,,,,,,0.17,0.18,2.24,,3.12
2022-01-01,5.53,6.01,6.42,6.99,,,,3.2,,3.3,3.54,3.6,7.61,7.69,,,8.19,8.04,,,,,,,-0.05,0.18,0.18,5.52,6.0,6.41,6.99,,,,,,,0.18,0.18,3.2,,3.3
2022-02-01,5.87,6.22,6.67,7.17,,,,3.47,,3.47,3.67,3.81,7.57,7.76,,7.68,8.09,,,,,,,,-0.04,0.18,0.17,5.87,6.22,6.63,7.17,,,,,,,0.18,0.17,3.47,,3.47
2022-03-01,6.31,6.66,7.27,8.05,,,,3.55,,3.76,3.88,3.94,8.39,8.58,,8.6,8.56,8.34,,,,,,,-0.05,0.19,0.19,6.35,6.71,7.31,8.05,,,,,,,0.19,0.19,3.55,,3.76
2022-04-01,6.56,7.17,7.72,8.57,,,,,,3.8,3.96,4.0,8.9,,,8.86,9.11,8.59,,,,,,,0.19,0.2,0.19,6.54,7.15,7.69,8.57,,,,,,,0.2,0.19,,,3.8
2022-05-01,6.91,7.48,8.03,8.85,,,,4.12,,4.32,4.09,4.06,8.84,9.12,,8.87,,9.29,,,,,,,0.19,0.2,0.2,6.91,7.47,8.01,8.85,,,,,,,0.2,0.2,4.12,,4.32
2022-06-01,7.31,8.01,8.67,9.46,,,,4.2,,4.05,4.2,4.05,9.41,9.08,,9.22,8.81,9.34,,,,,,,0.18,0.2,0.21,7.31,7.98,8.63,9.46,,,,,,,0.2,0.21,4.2,,4.05
2022-07-01,7.76,8.53,9.24,9.73,,,,4.11,,4.12,4.23,4.29,,9.24,,8.78,8.95,9.36,,,,,,,0.17,0.22,0.22,7.76,8.53,9.24,9.73,,,,,,,0.22,0.22,4.11,,4.12
2022-08-01,8.25,8.87,9.41,9.61,,,,4.07,,3.93,3.88,4.04,8.78,8.53,,,8.61,8.84,,,,,,,0.16,0.23,0.22,8.25,8.88,9.41,9.61,,,,,,,0.23,0.22,4.07,,3.93
2022-09-01,8.7,9.43,10.01,10.29,,,,4.49,,4.42,4.33,4.28,9.62,9.49,,9.1,9.16,9.77,,,,,,,0.15,0.24,0.24,8.7,9.43,10.01,10.29,,,,,,,0.24,0.24,4.49,,4.42
2022-10-01,8.93,9.87,10.43,10.77,,,,4.72,,,4.6,4.59,10.33,9.98,,9.52,9.93,,,,,,,,0.24,0.26,0.27,8.93,9.87,10.43,10.77,,,,,,,0.26,0.27,4.72,,
2022-11-01,9.42,10.17,10.68,10.84,,,,4.93,,4.69,4.72,4.79,9.73,,,9.75,9.28,9.94,,,,,,,0.23,0.28,0.26,9.41,10.17,10.68,10.84,,,,,,,0.28,0.26,4.93,,4.69
2022-12-01,9.96,10.53,10.78,10.87,,,,4.73,,4.35,4.24,4.19,9.69,9.39,,8.94,9.08,9.03,,,,,,,0.23,0.29,0.26,9.96,10.53,10.78,10.87,,,,,,,0.29,0.26,4.73,,4.35
2023-01-01,10.61,10.88,11.03,11.09,,,,4.63,,4.12,4.08,4.2,9.94,8.76,,8.69,8.71,,,,,,,,0.22,0.28,0.26,10.6,10.88,11.03,11.09,,,,,,,0.28,0.26,4.63,,4.12
2023-02-01,10.92,11.29,11.54,11.66,,,,4.61,,4.27,4.05,4.35,9.96,9.75,,9.38,,8.85,,,,,,,0.22,0.24,0.23,10.92,11.25,11.54,11.66,,,,,,,0.24,0.23,4.61,,4.27
2023-03-01,11.23,11.59,11.82,11.88,,,,5.29,,4.49,4.33,4.4,10.86,9.77,,,9.36,9.35,,,,,,,0.2,0.25,0.22,11.23,11.59,11.8,11.88,,,,,,,0.25,0.22,5.29,,4.49
2023-04-01,11.29,11.55,11.7,11.77,,,,5.58,,4.42,4.27,4.45,10.5,9.2,,8.89,9.07,,,,,,,,0.2,0.24,0.2,11.29,11.54,11.7,11.77,,,,,,,0.24,0.2,5.58,,4.42
2023-05-01,11.32,11.51,11.58,11.55,,,,5.43,,4.5,4.56,4.67,10.46,9.1,,8.76,,9.12,,,,,,,0.2,0.21,0.16,11.34,11.53,11.59,11.55,,,,,,,0.21,0.16,5.43,,4.5
2023-06-01,11.16,11.32,11.39,11.3,,,,5.5,,4.45,4.48,4.48,9.42,9.3,,8.57,9.07,9.06,,,,,,,0.21,0.2,0.15,11.16,11.32,11.39,11.3,,,,,,,0.2,0.15,5.5,,4.45
2023-07-01,11.22,11.35,11.4,11.36,,,,5.36,,4.5,4.46,4.57,9.45,9.21,,,9.02,8.91,,,,,,,0.24,0.21,0.15,11.22,11.35,11.4,11.36,,,,,,,0.21,0.15,5.36,,4.5
2023-08-01,11.16,11.34,11.41,11.48,,,,5.5,,4.66,4.61,4.53,9.77,9.39,,9.1,9.57,,,,,,,,0.25,0.2,0.17,11.16,11.34,11.42,11.48,,,,,,,0.2,0.17,5.5,,4.66
2023-09-01,11.08,11.37,11.57,11.63,,,,5.96,,5.22,4.8,4.69,10.39,10.14,,9.68,,9.51,,,,,,,0.25,0.21,0.18,11.08,11.37,11.57,11.63,,,,,,,0.21,0.18,5.96,,5.22
2023-10-01,11.08,11.38,11.62,11.75,,,,6.31,,5.28,4.93,4.98,10.34,10.16,,,10.05,9.8,,,,,,,0.25,0.21,0.19,11.08,11.38,11.63,11.75,,,,,,,0.21,0.19,6.31,,5.28
2023-11-01,10.89,11.36,11.55,11.52,,,,5.91,,4.98,4.93,4.72,10.25,9.48,,10.23,9.67,9.6,,,,,,,0.24,0.21,0.19,10.89,11.36,11.56,11.52,,,,,,,0.21,0.19,5.91,,4.98
2023-12-01,11.21,11.28,11.31,11.19,,,,5.7,,4.69,4.54,4.35,9.72,9.26,,9.39,9.14,,,,,,,,0.22,0.21,0.19,11.22,11.29,11.31,11.19,,,,,,,0.21,0.19,5.7,,4.69
2024-01-01,11.29,11.34,11.36,11.21,,,,5.76,,4.64,4.43,4.28,9.65,9.05,,9.31,,9.18,,,,,,,0.21,0.21,0.18,11.29,11.35,11.37,11.21,,,,,,,0.21,0.18,5.76,,4.64
2024-02-01,11.05,11.31,11.32,11.24,,,,5.83,,4.78,4.6,4.58,9.78,9.35,,,9.41,9.43,,,,,,,0.2,0.19,0.17,11.05,11.31,11.32,11.24,,,,,,,0.19,0.17,5.83,,4.78
2024-03-01,11.02,11.18,11.21,11.13,,,,5.9,,4.74,4.99,4.64,9.88,9.25,,9.2,9.48,,,,,,,,0.18,0.18,0.16,11.04,11.19,11.21,11.13,,,,,,,0.18,0.16,5.9,,4.74
2024-04-01,10.97,11.13,11.23,11.22,,,,7.19,,5.16,,4.76,10.1,,,9.85,10.15,9.6,,,,,,,0.18,0.17,0.16,10.97,11.13,11.23,11.22,,,,,,,0.17,0.16,7.19,,5.06
2024-05-01,10.99,11.14,11.25,11.4,,,,6.56,,5.3,5.0,5.18,10.4,10.01,,9.64,,9.65,,,,,,,0.18,0.17,0.16,10.99,11.14,11.25,11.4,,,,,,,0.17,0.16,6.56,,5.3
2024-06-01,10.97,11.13,11.23,11.39,,,,6.63,,5.74,5.4,,10.83,10.15,,,10.04,10.16,,,,,,,0.19,0.19,0.17,10.97,11.13,11.23,11.39,,,,,,,0.19,0.17,6.63,,5.74
2024-07-01,10.92,11.11,11.26,11.4,,,,6.21,,5.3,,5.13,10.64,10.2,,9.95,,9.93,,,,,,,0.19,0.2,0.17,10.92,11.11,11.25,11.4,,,,,,,0.2,0.17,6.21,,5.3
2024-08-01,10.76,10.91,10.97,10.93,,,,6.08,,4.97,5.27,5.03,9.95,9.47,,9.74,10.03,,,,,,,,0.19,0.2,0.17,10.76,10.92,10.97,10.93,,,,,,,0.2,0.17,6.08,,4.97
2024-09-01,10.44,10.58,10.56,10.55,,,,5.88,,5.25,5.25,4.85,9.57,9.5,,9.21,,10.05,,,,,,,0.19,0.2,0.16,10.44,10.57,10.56,10.55,,,,,,,0.2,0.16,5.88,,5.25
2024-10-01,10.24,10.47,10.48,10.35,,,,5.95,,5.41,5.03,5.2,9.75,9.62,,10.06,9.7,10.38,,,,,,,0.17,0.2,0.14,10.24,10.47,10.47,10.35,,,,,,,0.2,0.14,5.95,,5.41
2024-11-01,10.05,10.23,10.33,10.36,,,,6.05,,5.48,5.3,5.48,10.19,9.97,,10.02,10.13,,,,,,,,0.16,0.2,0.14,10.06,10.27,10.32,10.36,,,,,,,0.2,0.14,6.05,,5.48
2024-12-01,9.85,9.83,9.89,9.97,,,,6.11,,5.78,5.55,5.67,9.65,9.75,,10.43,,10.26,,,,,,,0.17,0.19,0.13,9.85,9.83,9.9,9.97,,,,,,,0.19,0.13,6.11,,5.78
2025-01-01,9.86,9.81,9.77,9.89,,,,6.17,,5.45,5.45,5.54,9.76,9.98,,10.33,10.56,,,,,,,,0.17,0.2,0.15,9.86,9.81,9.77,9.89,,,,,,,0.2,0.15,6.17,,5.45
2025-02-01,9.45,9.35,9.3,9.42,,,,5.9,,5.27,5.19,5.21,9.1,9.57,,9.85,,10.32,,,,,,,0.15,0.18,0.13,9.45,9.35,9.32,9.42,,,,,,,0.18,0.13,5.9,,5.27
2025-03-01,9.1,9.02,8.96,9.06,,,,5.64,,4.94,5.05,4.99,8.91,9.19,,,9.96,10.11,,,,,,,0.12,0.17,0.11,9.1,9.03,8.96,9.06,,,,,,,0.17,0.11,5.64,,4.94
2025-04-01,8.81,8.65,8.52,8.58,,,,5.22,,5.0,5.09,5.07,8.58,8.9,,9.26,9.86,10.2,,,,,,,0.13,0.17,0.1,8.81,8.65,8.51,8.58,,,,,,,0.17,0.1,5.22,,5.0
2025-05-01,8.31,8.3,8.21,8.36,,,,5.11,,5.07,5.09,4.92,8.42,8.87,,9.41,,10.01,,,,,,,0.14,0.17,0.09,8.31,8.3,8.21,8.36,,,,,,,0.17,0.09,5.11,,5.07
2025-06-01,8.09,8.03,8.1,8.3,,,,4.57,,4.95,5.03,4.99,8.41,8.74,,9.39,9.95,,,,,,,,0.15,0.17,0.1,8.09,8.03,8.1,8.3,,,,,,,0.17,0.1,4.57,,4.95
2025-07-01,7.67,7.98,8.08,8.29,,,,4.6,,5.0,5.02,4.9,8.39,8.73,,9.47,,9.77,,,,,,,0.16,0.21,0.16,7.67,7.99,8.08,8.29,,,,,,,0.21,0.16,4.6,,5.0
2025-08-01,7.39,7.71,7.82,7.98,,,,4.65,,4.94,4.89,4.81,8.03,8.49,,9.14,9.71,,,,,,,,0.18,0.21,0.18,7.39,7.71,7.82,7.98,,,,,,,0.21,0.18,4.65,,4.94
2025-09-01,7.29,7.56,7.66,7.77,,,,4.33,,4.89,4.75,4.41,,8.28,,8.79,9.17,9.57,,,,,,,0.18,0.2,0.2,7.29,7.56,7.66,7.77,,,,,,,0.2,0.2,4.33,,4.89
2025-10-01,7.25,7.36,7.46,7.51,,,,3.99,,4.59,4.46,4.27,7.8,8.12,,8.71,9.24,9.32,,,,,,,0.2,0.2,0.19,7.25,7.36,7.47,7.51,,,,,,,0.2,0.19,3.99,,4.59
2025-11-01,7.19,7.26,7.39,7.58,,,,4.19,,4.59,4.55,4.72,7.75,8.66,,8.96,,9.4,,,,,,,0.23,0.21,0.2,7.19,7.26,7.39,7.58,,,,,,,0.21,0.2,4.19,,4.59
2025-12-01,7.16,7.23,7.45,7.61,,,,4.35,,4.57,4.67,4.3,7.95,8.82,,9.2,9.27,9.52,,,,,,,0.25,0.21,0.22,7.16,7.23,7.46,7.61,,,,,,,0.21,0.22,4.35,,4.57
2026-01-01,7.0,7.12,7.21,7.48,,,,4.17,,4.36,4.54,4.25,8.23,8.62,,9.21,9.29,,,,,,,,0.24,0.21,0.23,7.01,7.12,7.21,7.48,,,,,,,0.21,0.23,4.17,,4.36
2026-02-01,6.86,7.01,7.1,7.3,,,,3.93,,4.07,4.28,,,8.36,,8.74,9.19,9.29,,,,,,,0.23,0.2,0.23,6.86,7.01,7.1,7.3,,,,,,,0.2,0.23,3.93,,4.07
